ticknum,ticorkey,tistkey,tinum,tifiloc,tiaddrto,titrnum,ticukey,tidsnt,tidrecv,tiddue,tidcls,tiwpptr,tiwpptrt,tiaduser,tiadtime,timduser,timdtime,ticlstme,tiresp1,tikeywrd,tiactive,tispare1,tispare2,tispare3,tiread1,tiread2,timt,tisubj1,tisubj,tisubj2,tisys,tiagor,tiasbt,tigwui,tihepc,tiaids,timgas,tiptsd,tiradb,tiradn,tisarc,tisexh,titoba,tinosc,ti38us,tinnme,tinwgr,tipres,titrtm,tinoot,tioctime,tiocuser,tidktime,tidkuser,tipulac,ticerullo,tiplnod,tiplwaiver,tiplexpress,tisnl,tivbms,ticlcw
1934123,CK409203,AHUDSON,5814379,A,,944883162S,,,2017-05-10,,,,,RO46,2009-06-02,RO49,2016-12-15,,RO46,ACTIVE,,,,,,,,,,,,,,,,,,,,,,,,Y,,,,,,,,,2017-05-10,SBEAHAN,,,,,,,Y,
1986897,CK257203,MHALEY,4076069,,,848970267S,,,2016-08-23,,,Voluptatem dolores omnis modi voluptatem nihil asperiores eaque.,,RO22,2010-05-04,RO22,2016-06-20,,RO27,ACTIVE,,,,,,,,,,,,,,,,,,,,,,,,Y,,,,,,,,,2017-03-07,RFLATLEY,,,,,,,Y,
1993535,317F9CA7,SBODE,9967295,,,583081964S,,,2017-08-23,,,Eius id voluptas asperiores inventore quidem.,,RO26,2009-11-19,RO26,2017-08-16,,,ACTIVE,,,,,,,,,,,,,,,,,,,,,,,,Y,,Y,,,,,,,2017-08-23,RFLATLEY,,,,,,,Y,
2012948,CK824632,MHALEY,5145469,,,761715749S,,,2017-05-24,,,,,RO55,2010-06-16,RO55,2016-04-11,,,ACTIVE,,,,,,,,,,,,,,,,,,,,,,,,Y,,,,,,,,,2017-05-24,SBEAHAN,,,,,,,Y,
2076523,32E017BC,AHUDSON,9539813,A,,965602856S,,,2017-11-01,,,Quos autem praesentium repellendus soluta.,,RO45,2016-06-06,RO45,2017-09-19,,,ACTIVE,,,,,,,,,,,,,,,,,,Y,,,,Y,,N,,,,,,,,,2017-11-01,IDURGAN,,,,,,,Y,
2094805,CK869070,CRUSSEL,3094261,A,,849764285S,,,2017-08-30,,,,,RO13,2016-04-21,RO19,2017-08-09,,RO13,ACTIVE,,,,,,,,,,,,,,,,,,,,,,,,Y,,,,,,,,,2017-08-30,DSWIFT1,,,,,,,Y,
2096907,31333341,AHUDSON,3411177,,,228081153S,,,2017-04-11,,2017-12-08,In dolor iure mollitia sit officiis expedita quibusdam ipsam.,,RO44,2013-07-19,HFRANECKI1,2017-12-08,,,HISTORY,,,,,,,,,,Y,,,,,,,,,,,,,,Y,,,,,,N,2017-12-08,HFRANECKI1,2017-04-11,AHOPPE,,,,,,,Y,
2110381,CK877331,AHUDSON,9224177,,,964976756S,,,2017-10-18,,,,,RO43,2011-10-26,RO43,2014-08-12,,,ACTIVE,,,,,,,,,,,,,,,,,,,,,,,,Y,,,,,,N,,,2017-10-18,RFLATLEY,,,,,,,Y,
2117094,101713,AHUDSON,3241511,,,645883755S,,,2016-11-13,,,,,RO44,2013-06-12,RO77,2016-09-16,,RO44,ACTIVE,,,,,,,,,,,,,,,,,,,,,,,,Y,,,,,,,,,2016-11-13,FFRAMI,,,,,,,Y,
2118713,CK881620,MHALEY,9387835,,,869240083S,,,2017-10-17,,,,,RO22,2011-06-08,RO22,2016-02-17,,,ACTIVE,,,,,,,,,,,,Y,,,,,,,,,,,,N,,Y,,,,,,,2017-10-17,RFLATLEY,,,,,,,Y,
2129162,CK840553,AHUDSON,2878131,,,543197231S,,,2017-11-08,,,Molestias corporis sint eius maiores sapiente labore eveniet.,,RO62,2011-02-23,RO62,2017-10-16,,,ACTIVE,,,,,,,,,,,,,,,,,,,,,,,,Y,,,,,,,,,2017-11-08,AHOPPE,,,,,,,Y,
2144437,CK895807,AHUDSON,9096654,A,,989735745S,,,2016-03-22,,,Veritatis illo dolore totam quos quasi in eum.,,RO44,2015-11-18,RO44,2016-01-29,,,ACTIVE,,,,,,,,,,,,,,Y,,,,,,,,,,N,,,,,,N,,,2016-06-05,KBOGAN1,,,,,,,Y,
2161819,CK905439,MHALEY,5858368,,,208405812S,,,2017-08-31,,,Dolor ut quia quisquam est aut.,,RO22,2011-07-25,RO22,2017-07-19,,,ACTIVE,,,,,,,,,,,,,,,,,,,,,,,,Y,,,,,,N,,,2017-08-31,CVON1,,,,,,,Y,
2177060,CK913924,SBODE,7305400,,,282484354S,,,2016-08-29,,,,,RO28,2011-05-26,MBRAKUS,2017-11-03,,RO28,ACTIVE,,,,,,,,,,,,,,,,,,Y,,,,,,,,,,,,,,,2017-01-18,CLEHNER,,,,,,,Y,
2214968,CK934532,CRUSSEL,6773616,A,,375273128S,,,2016-08-29,,2017-09-19,,,RO13,2016-03-14,MHYATT1,2017-09-15,,,REMAND,,,,,,3145332,,,,,,,,,,,,Y,,,,,,,,,,,,,2017-09-15,MHYATT1,2017-01-25,RFLATLEY,,,,,,,Y,
2220497,CK937525,CRUSSEL,4329399,,,551781062S,,,2017-10-18,,,Et rerum aliquid dolores qui velit laudantium nemo.,,RO13,2011-07-05,RO04,2017-08-25,,RO04,ACTIVE,,,,,,,,,,,,,,,,,,,,,,,,Y,,,,,,,,,2017-10-18,RFLATLEY,,,,,,,Y,
2226048,CK940968,AHUDSON,4113666,,,213912991S,,,2017-06-05,,,,,RO49,2014-06-10,EFEIL,2017-12-05,,RO43,ACTIVE,,,,,,,,,,,,,,,,,,,,,,,,Y,,,,,,,,,2017-06-05,KBERGNAUM,,,,,,,Y,
2231180,CK943653,AHUDSON,6827144,,,968514949S,,,,,,Animi aperiam quaerat odit minus.,,RO49,2010-08-27,RO49,2017-08-22,,,ADVANCE,,,,,,,,,,,,,,,,,,,,,,,,Y,,,,,,,,,,,,,,,,,Y,
2238175,CK947525,AHUDSON,5728487,A,,144878787S,,,2017-04-11,,,Non aut illo qui dolor aut provident omnis.,,RO44,2014-09-17,WWATSICA,2017-11-03,,,ACTIVE,,,,,,,,,,,,,,,,,,,,,,,,Y,,,,,,N,,,2017-04-11,AHOPPE,,,,,,,Y,
2249056,CK404138,AHUDSON,2339255,A,,608428712S,,,2017-09-05,,,Ab rerum autem quas nesciunt.,,RO44,2015-08-15,RO44,2016-05-16,,RO77,ACTIVE,,,,,,,,,,,,,,,,,,,,,,,,Y,,,,,,,,,2017-09-05,ACONNELLY1,,,,,,,Y,
2252264,305511,SBODE,8851786,,,596570322S,,,2017-09-20,,,,,RO25,2011-11-02,RO25,2017-07-26,,RO85,ACTIVE,,,,,,,,,,,,,,,,,,N,,,,,,Y,,,,,,,,,2017-10-27,BHOWE,,,,,,,Y,
2270107,CK299814,MHALEY,6662410,A,,851346054S,,,2017-09-21,,,,,RO17,2012-09-14,TSHIELDS,2017-12-06,,,ACTIVE,,,,,,,,,,,,,,,,,,,,,,,,Y,,,,,,N,,,2017-09-21,AHOPPE,,,,,,,Y,
2274617,CK967879,MHALEY,9630873,,,960056896S,,,2016-08-23,,,Laborum doloribus veniam sed eaque perferendis nisi porro.,,RO55,2012-05-02,RO55,2014-01-06,,,ACTIVE,,,,,,,,,,,,,,,,,,,,,,,,Y,,,,,,,,,2017-02-22,SBEAHAN,,,,,,,Y,
2293199,CK348483,CRUSSEL,4735412,,,786282171S,,,2014-09-30,,,Nemo ipsum aspernatur tempore enim assumenda autem.,,RO14,2010-10-13,HREINGER1,2017-11-27,,,ACTIVE,,,,,,,,,,,,,,,,,,,,,,,,Y,,,,,,Y,,,2014-10-02,MBEAHAN,,,,,,,,
2306397,CK985144,MHALEY,9761545,A,,779309925S,,,2017-10-31,,,,,RO21,2013-12-16,RO49,2017-07-26,,RO21,ACTIVE,,,,,,,,,,,,,,,,,,,,,,,,Y,,,,,,N,,,2017-10-31,CVON1,,,,,,,Y,
2309289,CK986682,CRUSSEL,7478822,A,,202708586S,,,2017-09-20,,,,,RO18,2017-02-06,MERNSER1,2017-12-07,,RO18,ACTIVE,,,,,,,,,,N,,,,,,,,,,,,,,Y,,,,Y,,,,,2017-09-20,AHOPPE,,,,,,,Y,
2311946,CK102838,AHUDSON,2940271,,,364612662S,,,2017-10-27,,,,,RO45,2013-09-12,RO45,2017-08-25,,,ACTIVE,,,,,,,,,,,,,,,,,,,,,,,,Y,,,,,,,,,2017-10-27,IDURGAN,,,,,,,Y,
2311979,CK988269,MHALEY,9599518,A,,379784172S,,,2017-05-01,,,Ipsum facilis qui enim unde nobis totam.,,RO17,2014-03-14,RO17,2017-03-28,,RO17,ACTIVE,,,,,,,,,,,,,,,,,,,,,,,,Y,,,,,,N,,,2017-05-01,CVON1,,,,,,,Y,
2312804,CK988726,MHALEY,1597986,,,525409948S,,,2017-09-26,,,,,RO22,2012-05-09,RO22,2017-06-29,,,ACTIVE,,,,,,,,,,,,,,,,,,Y,,,,,,N,,,,,,,,,2017-09-26,CVON1,,,,,,,Y,
2319208,CK992319,CRUSSEL,3453638,A,,334277788S,,,2017-08-17,,,,,RO13,2014-08-16,RO04,2017-05-04,,RO13,ACTIVE,,,,,,,,N,,,,,,,,,,,,,,,,Y,,,,,,,,,2017-08-17,CVON1,,,,,,,Y,
2327092,CK996625,MHALEY,8151908,,,739307256S,,,2017-05-01,,,Dolor deserunt quo est at amet quia aut.,,RO17,2013-08-02,RO01,2017-04-05,,RO01,ACTIVE,,,,,,,,,,,,,,,,,,,,,,,,Y,,,,,,N,,,2017-05-01,CVON1,,,,,,,Y,
2334667,CK437899,AHUDSON,1772613,,,987397150S,,,2017-06-12,,,,,RO49,2012-10-17,MMOHR,2017-10-20,,,ACTIVE,,,,,,,,,,,,,,,,,,,,,,,,Y,,,,,,,,,2017-06-12,KBERGNAUM,,,,,,,Y,
2346090,164215,MHALEY,6781996,A,,602275000S,,,2017-03-27,,,,,RO17,2013-10-31,RO04,2016-12-01,,RO17,ACTIVE,,,,,,,,,,,,,,,,,,,,,,,,Y,,,,,,N,,,2017-03-27,FFRAMI,,,,,,,Y,
2360829,CK1015115,MHALEY,6311465,,,471395532S,,,2017-10-13,,,,,RO17,2014-01-02,RO17,2014-09-02,,,ACTIVE,,,,,,,,,,,,,,,,,,,,,,,,Y,,,,,,N,,,2017-10-13,DSWIFT1,,,,,,,Y,
2362049,CK1015796,AHUDSON,1334288,,,473218778S,,,2017-08-31,,,Ipsum impedit fuga deleniti dolorum.,,RO43,2013-06-06,SRITCHIE,2017-11-29,,RO43,ACTIVE,,,,,,,,,,,,,,,,,,,,,,,,Y,,,,,,N,,,2017-08-31,FFRAMI,,,,,,,Y,
2362159,CK1015874,AHUDSON,3821400,,,906718793S,,,2017-10-18,,,Eos optio dicta iusto qui quis.,,RO43,2011-07-09,RO43,2015-04-17,,,ACTIVE,,,,,,,,,,,,,,,,,,Y,,,,,,,,,,,,N,,,2017-10-18,RFLATLEY,,,,,,,Y,
2367429,197071,CRUSSEL,9653588,,,701305078S,,,2016-02-25,,2016-05-20,Sint dolore rerum reprehenderit totam id.,,RO19,2011-02-24,KBERGNAUM,2016-09-26,,,HISTORY,,,,,,5531510,,,,,,,,,,,,,,,,,,Y,,,,,,,2016-05-20,HFRANECKI1,,,,,,,,,Y,
2371804,CK811066,MHALEY,5134909,A,,957327938S,,,2017-08-28,,,,,RO17,2012-05-01,RO17,2015-09-10,,,ACTIVE,,,,,,,,,,,,,,,,,,,,,,,,Y,,,,,,N,,,2017-08-28,KBERGNAUM,,,,,,,Y,
2381692,CK1026646,,8264534,,,536580155S,,,2017-11-08,,,,,RO83,2014-08-20,RO44,2016-08-10,,RO51,ACTIVE,,,,,,,,,,,,,,,,,,,,,,,,Y,,,,,,N,,,2017-11-08,AHOPPE,,,,,,,Y,
2382444,CK1027056,AHUDSON,9354225,A,,550533410S,,,2017-06-15,,,,,RO62,2013-11-29,RO62,2016-01-29,,,ACTIVE,,,,,,,,,,,,Y,,,,,,,,,,,,,,,,,,N,,,2017-06-15,RFLATLEY,,,,,,,Y,
2389027,CK645601,AHUDSON,5801953,,,527290185S,,,2017-08-30,,,,,RO46,2014-11-09,RO46,2015-05-15,,,ACTIVE,,,,,,,,,,,,Y,,,,,,,,,,,,,,,,,,Y,,,2017-08-30,ACONNELLY1,,,,,,,Y,
2391296,CK637017,SBODE,8145389,,,532493780S,,,2016-08-16,,,,,RO28,2014-02-18,RO28,2016-05-21,,,ACTIVE,,,,,,,,,,,,,,,,,,Y,,,,,,,,,,,,,,,2017-02-15,KBERGNAUM,,,,,,,Y,
2394756,CK426265,CRUSSEL,8583142,,,473949326S,,,,,,,,RO19,2011-07-15,RO19,2017-10-10,,,ADVANCE,,,,,,,,,,,,,,,,,,,,,,,,Y,,,,,,,,,,,,,,,,,Y,
2397325,CK1035528,CRUSSEL,4213903,,,828617878S,,,2017-07-20,,,Enim rem odio pariatur velit ullam.,,RO01,2012-02-01,RO01,2017-06-09,,,ACTIVE,,,,,,,,,,,,,,,,,,,,,,,,Y,,,,,,,,,2017-07-20,CVON1,,,,,,,Y,
2399281,CK1036639,MHALEY,6189921,A,,274104172S,,,2017-10-16,,,Vero natus qui fugiat et ab.,,RO17,2014-10-10,RO17,2015-07-08,,,ACTIVE,,,,,,,,,,,,,,,,,,Y,,,,,,N,,,,,,N,,,2017-10-16,CVON1,,,,,,,Y,
2401498,CK1037922,AHUDSON,1991536,,,759890733S,,,2017-10-05,,,,,RO62,2013-10-25,RO62,2017-10-02,,,ACTIVE,,,,,,,,,,,,,,,,,,,,,,,,Y,,,,,,,,,2017-10-05,BHOWE,,,,,,,Y,
2401588,CK1037973,AHUDSON,2492629,,,768894812S,,,2017-09-21,,,,,RO48,2012-07-18,LHOWELL1,2017-10-17,,,ACTIVE,,,,,,,,,,,,,,,,,,Y,,,,,,,,,,,,,,,2017-09-25,BHOWE,,,,,,,Y,
2405131,CK1039886,,8884851,,,360398060S,,,2017-10-18,,,Consequatur optio sit reprehenderit repellat vel.,,RO82,2011-10-03,RO82,2015-06-05,,RO21,ACTIVE,,,,,,,,,,Y,,,,,,,,,,,,,,Y,,,,,,,,,2017-10-18,RFLATLEY,,,,,,,Y,
2405952,CK1040404,MHALEY,8576100,A,,799659005S,,,2017-10-10,,,Repudiandae voluptates in animi veritatis cupiditate amet molestiae.,,RO17,2014-12-08,RO17,2016-09-26,,,ACTIVE,,,,,,,,,,,,,,,,,,,,,,,,Y,,,,,,,,,2017-10-10,CVON1,,,,,,,Y,
2406262,CK1040560,AHUDSON,2922315,A,,263717075S,,,2017-08-25,,,,,RO48,2015-05-27,RO20,2017-04-18,,RO47,ACTIVE,,,,,,,,,,,,,,,,,,Y,,,,,,,,,,,,,,,2017-08-25,ACONNELLY1,,,,,,,Y,
2429027,CK956440,CRUSSEL,5279862,,,957286324S,,,2017-11-01,,,,,RO01,2014-09-09,RO01,2015-05-20,,,ACTIVE,,,,,,,,,,,,,,,,,,,,,,,,Y,,,,,,,,,2017-11-01,CVON1,,,,,,,Y,
2429085,63698,AHUDSON,9740250,A,,692291635S,,,2017-09-14,,,Fuga unde quaerat velit iste sed quia ullam nobis.,,RO44,2015-04-25,RO44,2016-08-04,,,ACTIVE,,,,,,,,,,,,Y,,,,,,,,,,,,,,,,,,,,,2017-09-14,DSWIFT1,,,,,,,Y,
2430857,CK175496,AHUDSON,2927900,,,975191063S,,,2016-08-31,,2017-12-08,Esse est sint dolor voluptatem.,,RO48,2013-12-11,FBEAHAN,2017-12-08,,,HISTORY,,,,,,,,,,,,,,,,,,,,,,,,Y,,,,,,,2017-12-08,FBEAHAN,2016-08-31,FFRAMI,,,,,,,Y,
2439387,CK1058046,MHALEY,9922179,,,154406043S,,,2017-10-23,,,,,RO16,2013-03-19,RO16,2014-12-15,,,ACTIVE,,,,,,,,,,,,,,,,,,,,,,,,Y,,,,,,N,,,2017-10-23,KBOGAN1,,,,,,,Y,
2447082,CK451183,AHUDSON,1779747,,,710843014S,,,2017-09-19,,,Necessitatibus eum cum possimus et dignissimos.,,RO45,2014-02-28,RO45,2015-12-14,,,ACTIVE,,,,,,,,,,,,,,,,,,Y,,,,,,,,,,,,,,,2017-09-19,AHOPPE,,,,,,,Y,
2452290,CK1064765,CRUSSEL,8968639,,,500391706S,,,2017-02-15,,,Atque sit ut molestiae soluta aspernatur.,,RO01,2012-10-18,RO01,2016-07-23,,,ACTIVE,,,,,,,,,,,,,,,,,,,,,,,,Y,,,,,,,,,2017-02-15,DSWIFT1,,,,,,,,
2453805,CK1065559,AHUDSON,9864886,,,309047200S,,,2017-11-03,,,,,RO39,2012-12-27,RO39,2017-10-26,,,ACTIVE,,,,,,,,,,,,,,,,,,,,,,,,Y,,,,,,,,,2017-11-03,AHOPPE,,,,,,,Y,
2520489,CK1100530,MHALEY,9304376,,,190085685S,,,2017-05-30,,,Iste est similique quo aliquam est qui et.,,RO22,2014-04-30,SRITCHIE,2017-12-08,,,ACTIVE,,,,,,,,,,,,,,,,,,N,,,,,,Y,,,,,,N,,,2017-05-30,FFRAMI,,,,,,,Y,
2537880,CK1109434,CRUSSEL,5482496,,,582074255S,,,2017-06-12,,2017-09-18,Voluptas dolor illum et quo fuga autem ea.,,RO07,2012-10-15,LSPORER,2017-09-18,,,REMAND,,,,,,6793647,,,,,,,,,,,,,,,,,,Y,,,,,,,2017-09-18,LSPORER,2017-06-12,KBERGNAUM,,,,,,,Y,
2556987,CK1118884,AHUDSON,2053383,,,750998600S,,,2017-10-04,,,,,RO39,2013-02-01,RO39,2017-07-27,,,ACTIVE,,,,,,,,,,,,,,,,,,,,,,,,Y,,,,,,,,,2017-10-04,KBERGNAUM,,,,,,,Y,
2558720,CK1119783,CRUSSEL,4961779,,,231439628S,,,2017-07-06,,,Laudantium pariatur adipisci atque ipsa est sit quia.,,RO14,2015-02-10,RO14,2017-05-23,,,ACTIVE,,,,,,,,,,,,,,,,,,,,,,,,Y,,,,,,,,,2017-07-06,CVON1,,,,,,,Y,
2569926,31EE7C66,SBODE,4537218,A,,827234422S,,,2016-08-22,,,,,RO35,2016-07-11,ALABADIE,2017-12-07,,,ACTIVE,,,,,,,,,,,,,,,,,,,,,,,,Y,,,,,,,,,2017-01-26,IDURGAN,,,,,,,Y,
2571277,CK1126150,,2063945,A,,416322111S,,,2016-02-25,,2016-03-14,,,RO81,2014-11-20,RO19,2016-06-15,,RO10,REMAND,,,,,,2331467,,,,,,,,,,,,,,,,,,Y,,,,,,N,2016-03-14,EJACOBI,2016-02-25,FFRAMI,,,,,,,Y,
2572888,CK1126950,MHALEY,5714392,,,192920593S,,,2017-10-31,,,Dolor facilis nihil et in non tempore.,,RO55,2013-05-22,RO55,2017-06-27,,,ACTIVE,,,,,,,,,,,,,,,,,,,,,,,,Y,,,,,,,,,2017-10-31,CVON1,,,,,,,Y,
2575333,CK1128205,MHALEY,7065618,,,586864247S,,,2017-09-13,,,Asperiores nihil repudiandae rerum voluptas.,,RO16,2014-07-23,RO16,2015-10-08,,,ACTIVE,,,,,,,,,,,,,,,,,,,,,,,,Y,,,,,,,,,2017-09-13,CVON1,,,,,,,Y,
2581243,CK753132,CRUSSEL,3388973,,,772437875S,,,2016-08-18,,,,,RO13,2012-04-20,RO13,2016-06-10,,,ACTIVE,,,,,,,,,,,,,,,,,,,,,,,,Y,,,,,,,,,2017-01-25,FFRAMI,,,,,,,Y,
2591483,CK1136331,AHUDSON,3154279,,,120649352S,,,2017-02-23,,,,,RO45,2014-05-29,AMRAZ,2017-12-08,,,ACTIVE,,,,,,,,,,,,,,,,,,Y,,,,,,,,,,,,N,,,2017-02-23,CVON1,,,,,,,Y,
2611462,CK413522,MHALEY,2774484,A,,377753629S,,,2017-09-11,,,,,RO17,2014-12-18,RO17,2015-05-26,,,ACTIVE,,,,,,,,,,,,,,,,,,,,,,,,Y,,,,,,,,,2017-09-11,KBERGNAUM,,,,,,,Y,
2612208,CK1146726,,3664073,,,911894364S,,,2015-12-14,,,,,RO84,2013-05-14,RO16,2014-08-12,,RO84,ACTIVE,,,,,,,,,,,,,,,,,,,,,,,,Y,,,,,,N,,,2015-12-14,FFRAMI,,,,,,,Y,
2613449,CK607198,SBODE,7986108,A,,742758885S,,,2017-08-24,,,Voluptatem ullam velit aut suscipit.,,RO27,2016-10-31,RO27,2016-12-28,,,ACTIVE,,,,,,,,,,,,,,,,,,,,,,,,Y,,,,,,,,,2017-08-24,ACONNELLY1,,,,,,,Y,
2613663,CK1147500,AHUDSON,3539273,,,877740420S,,,2017-11-03,,,Ut eligendi et facilis iste quibusdam sed autem sunt.,,RO45,2013-10-30,RO45,2017-11-01,,,ACTIVE,,,,,,,,,,,,,Y,,,,,,,,,,,,,,,,,,,,2017-11-03,AHOPPE,,,,,,,Y,
2613939,CK913880,MHALEY,7436920,,,159417114S,,,2017-08-10,,,,,RO17,2015-09-01,RO17,2015-10-22,,,ACTIVE,,,,,,,,,,,,,Y,,,,,,,,,,,N,,Y,,,,,,,2017-08-10,ACONNELLY1,,,,,,,Y,
2618084,CK1149740,AHUDSON,8568008,,,670363235S,,,2017-11-01,,,Quis consequatur sunt fugit.,,RO43,2014-12-04,RO43,2016-10-11,,,ACTIVE,,,,,,,,,,,,,,,,,,Y,,,,,,,,,,,,,,,2017-11-01,DSWIFT1,,,,,,,Y,
2624973,CK1153037,SBODE,7075477,,,906201391S,,,2017-11-27,,,,,RO25,2016-02-22,RO25,2016-11-14,,,ACTIVE,,,,,,,,,,,,,,,,,,,,,,,,Y,,,,,,,,,2017-11-27,CVON1,,,,,,,Y,
2629136,CK1155066,MHALEY,5096117,,,532453124S,,,2017-08-24,,,Unde et ut et voluptatem.,,RO17,2015-12-01,RO17,2016-03-03,,,ACTIVE,,,,,,,,,,,,,,,,,,,,,,,,Y,,,,,,,,,2017-08-24,ACONNELLY1,,,,,,,Y,
2630817,CK1155853,AHUDSON,8271217,,,305073296S,,,2017-09-05,,,Ea aliquid et et atque tenetur reiciendis nostrum.,,RO48,2015-04-27,RO48,2016-05-25,,,ACTIVE,,,,,,,,,,,,,,,,,,,,,,,,Y,,,,,,,,,2017-09-05,ACONNELLY1,,,,,,,Y,
2632405,CK1156616,MHALEY,3868325,,,675299200S,,,2017-08-11,,,,,RO20,2014-03-14,JDECKOW1,2017-11-15,,,ACTIVE,,,,,,,,,,Y,,,,,,,,,,,,,,Y,,Y,,,,,,,2017-08-11,KBOGAN1,,,,,,,Y,
2637663,CK1159413,MHALEY,9621004,,,569179902S,,,2017-05-17,,,Minus et numquam fugiat.,,RO23,2013-11-12,RO23,2017-03-02,,,ACTIVE,,,,,,,,,,,,,,,,,,,,,,,,Y,,,,,,,,,2017-05-17,RFLATLEY,,,,,,,Y,
2639528,CK1160360,SBODE,9135099,,,166274584S,,,2017-11-03,,,,,RO27,2013-04-02,RO19,2017-10-26,,RO27,ACTIVE,,,,,,,,,,,,Y,,,,,,,,,,,,,,,,,,,,,2017-11-03,AHOPPE,,,,,,,Y,
2640781,CK1161031,CRUSSEL,6858224,,,788282292S,,,,,,,,RO19,2013-08-19,RO19,2017-12-04,,,ADVANCE,,,,,,,,,,,,,,,,,,,,,,,,Y,,,,,,,,,,,,,,,,,Y,
2644189,CK726509,CRUSSEL,9031575,,,524443444S,,,2017-09-05,,,,,RO01,2015-03-12,RO01,2017-08-14,,,ACTIVE,,,,,,,,,,,,,,,,,,Y,,,,,,,,,,,,N,,,2017-09-05,ACONNELLY1,,,,,,,Y,
2653610,242916,MHALEY,1843879,A,,556294615S,,,2017-09-15,,,Veniam error facere fugit nemo repudiandae est vel reprehenderit.,,RO17,2015-08-11,RO17,2015-09-14,,,ACTIVE,,,,,,,,,,,,,,,,,,,,,,,,Y,,,,,,,,,2017-09-15,DSWIFT1,,,,,,,Y,
2657116,CK1169079,CRUSSEL,4231840,,,598042239S,,,,,,,,RO18,2014-08-30,RO18,2015-06-03,,,ADVANCE,,,,,,,,,,N,,,,,,,,,,,,,,Y,,,,,,,,,,,,,,,,,Y,
2657227,CK632805,CRUSSEL,8170877,,,169397130S,,,2017-09-13,,,,,RO18,2014-10-07,RO18,2015-06-03,,,ACTIVE,,,,,,,,,,,,,,,,,,,,,,,,Y,,,,,,N,,,2017-09-13,DSWIFT1,,,,,,,Y,
2668454,CK323195,MHALEY,7641416,,,406142656S,,,2017-09-07,,,Voluptate excepturi sed officia animi qui nisi doloremque.,,RO17,2015-03-19,KBERGNAUM,2017-09-07,,,ACTIVE,,,,,,,,,,,,,,,,,,,,,,,,Y,,,,,,,,,2017-09-07,KBERGNAUM,,,,,,,Y,
2676920,CK121382,CRUSSEL,4471624,,,324661349S,,,,,,Quo accusamus molestiae eum iure temporibus.,,RO19,2014-06-25,RO19,2017-12-05,,,ADVANCE,,,,,,,,,,,,,,,,,,,,,,,,Y,,,,,,,,,,,,,,,,,Y,
2683673,CK589358,MHALEY,5854446,,,832793277S,,,2017-08-29,,,Occaecati vitae et atque modi iure itaque dignissimos.,,RO17,2016-06-23,RO17,2016-09-07,,,ACTIVE,,,,,,,,,,,,,,,,,,,,,,,,Y,,,,,,,,,2017-08-29,ACONNELLY1,,,,,,,Y,
2687879,149670,AHUDSON,4048615,,,317484420S,,,2017-10-12,,,Magnam autem enim eum eaque laudantium vero fugiat dolorem.,,RO39,2013-07-17,MFEIL,2017-12-08,,,ACTIVE,,,,,,,,,,,,,,,,,,,,,,,,Y,,,,,,,,,2017-10-12,KBOGAN1,,,,,,,Y,
2713160,CK1196324,MHALEY,2681409,A,,520557976S,,,,,,Accusantium fugit aspernatur qui eum est aliquid.,,RO20,2014-10-14,RO19,2017-12-05,,RO20,ADVANCE,,,,,,,,,,,,,,,,,Y,,,,,,,,,,,,,,,,,,,,,,,,Y,
2727431,CK1203179,AHUDSON,9710490,,,325010811S,,,2017-01-31,,,Earum cum repellendus neque provident optio ut.,,RO45,2014-05-29,SRITCHIE,2017-12-07,,,ACTIVE,,,,,,,,,,,,,,,,,,Y,,,,,,,,,,,,,,,2017-01-31,DSWIFT1,,,,,,,Y,
2752781,CK468447,CRUSSEL,6073529,,,933747849S,,,2017-11-21,,,,,RO18,2014-07-28,RO18,2017-11-09,,,ACTIVE,,,,,,,,,,N,,,,,,,,,,,,,,Y,,,,,,,,,2017-11-21,CVON1,,,,,,,Y,
2760964,280665,CRUSSEL,7703707,,,872958715S,,,2017-05-23,,2017-09-07,Architecto optio aliquid enim fugiat esse delectus neque.,,RO14,2014-04-24,ETILLMAN,2017-09-07,,,REMAND,,,,,,6640512,,,,,,,,,,,,Y,,,,,,N,,,,,,,2017-09-07,ETILLMAN,2017-05-23,CVON1,,,,,,,Y,
2765550,CK1222085,CRUSSEL,4671070,,,696650437S,,,,,,Voluptas autem sunt perspiciatis magnam.,,RO18,2014-07-02,RO18,2017-01-09,,,ADVANCE,,,,,,,,,,,,,,,,,,,,,,,,Y,,,,,,,,,,,,,,,,,Y,
2766972,CK1222811,CRUSSEL,1580670,,,550356823S,,,,,,,,RO19,2014-03-04,RO19,2017-11-30,,,ADVANCE,,,,,,,,,,,,,,,,,,,,,,,,Y,,,,,,,,,,,,,,,,,Y,
2771149,CK1224920,MHALEY,1288846,,,963360019S,,,,,,In molestiae sint a pariatur magni libero dolore.,,RO17,2017-08-21,RO17,2017-08-21,,,ADVANCE,,,,,,,,,,,,,,,,,,,,,,,,Y,,,,,,N,,,,,,,,,,,Y,
2774535,CK1226761,AHUDSON,9960410,,,783740847S,,,,,,Et ratione eum voluptatem nulla vel.,,RO62,2017-04-08,RO62,2017-04-11,,,ADVANCE,,,,,,,,,,,,,,,,,,,,,,,,Y,,,,,,,,,,,,,,,,,Y,
2798946,CK1239834,CRUSSEL,1635222,,,265036192S,,,,,,Tenetur minus enim corrupti rerum ea maiores.,,RO19,2014-08-06,RO19,2017-12-05,,,ADVANCE,,,,,,,,,,,,,,,,,,,,,,,,Y,,,,,,,,,,,,,,,,,Y,
2800804,CK306306,AHUDSON,9096033,,,492937930S,,,2017-02-23,,,,,RO45,2014-05-29,PHERMAN,2017-12-08,,,ACTIVE,,,,,,,,,,,,,,,,,,Y,,,,,,,,,,,,,,,2017-02-23,CVON1,,,,,,,Y,
2816809,31BF258F,CRUSSEL,2206024,,,398981571S,,,,,,,,RO18,2015-04-14,RO18,2015-09-23,,,ADVANCE,,,,,,,,,,,,,,,,,,,,,,,,Y,,,,,,N,,,,,,,,,,,Y,
2841541,CK1263859,CRUSSEL,4836675,,,326941735S,,,2017-11-27,,,Inventore laudantium quo amet animi aliquid delectus qui et.,,RO19,2016-02-16,RO19,2016-09-28,,,ACTIVE,,,,,,,,,,,,Y,,,,,,,,,,,,N,,,,,,,,,2017-11-27,CVON1,,,,,,,Y,
2842610,CK1264459,AHUDSON,4153914,A,,495687809S,,,2017-11-02,,,Fugit ut nesciunt qui veniam aliquid vel.,,RO43,2015-02-27,RO43,2016-11-04,,,ACTIVE,,,,,,,,,,,,,,Y,,,,,,,,,,N,,,,,,,,,2017-11-02,CVON1,,,,,,,Y,
2844256,CK1265396,MHALEY,4163883,,,547586164S,,,2017-09-07,,,Quos et dolores sequi qui et tempore id.,,RO17,2016-10-14,RO17,2017-09-05,,,ACTIVE,,,,,,,,,,,,,,,,,,,,,,,,Y,,,,,,,,,2017-09-07,DSWIFT1,,,,,,,Y,
2848650,CK285560,MHALEY,2823576,,,193102578S,,,2017-09-12,,,Sit consequuntur facilis fugiat cum dolorem molestias occaecati est.,,RO17,2015-10-14,RO17,2015-12-07,,,ACTIVE,,,,,,,,,,,,,,,,,,,,,,,,Y,,,,,,,,,2017-09-12,ACONNELLY1,,,,,,,Y,
2850540,CK1036526,MHALEY,5127871,A,,774097008S,,,2017-09-13,,,Exercitationem assumenda autem quaerat qui.,,RO16,2016-03-22,IDURGAN,2017-09-13,,,ACTIVE,,,,,,,,,,,,,,,,,,,,,,,,Y,,,,,,,,,2017-09-13,IDURGAN,,,,,,,Y,
2851278,CK1269199,CRUSSEL,1383547,,,588364519S,,,2017-09-11,,,,,RO19,2016-04-08,RO19,2017-03-30,,,ACTIVE,,,,,,,,,,,,,,,,,,,,,,,,Y,,,,,,,,,2017-09-11,KBERGNAUM,,,,,,,Y,
2856311,CK1271918,SBODE,9850850,,,434922592S,,,2017-10-17,,,Ducimus similique voluptates id rerum fugit laboriosam.,,RO29,2014-06-25,RO29,2017-07-07,,,ACTIVE,,,,,,,,,,,,,,,,,,,,,,,,Y,,,,,,N,,,2017-10-17,DSWIFT1,,,,,,,Y,
2856924,CK1272236,AHUDSON,8335080,,,816789632S,,,2017-05-23,,,,,RO62,2014-02-15,RO62,2016-09-15,,,ACTIVE,,,,,,,,,,,,,,,,,,,,,,,,Y,,,,,,,,,2017-05-23,CVON1,,,,,,,Y,
2857767,CK1272696,CRUSSEL,6244643,,,139281836S,,,2017-09-06,,,Repellat consequuntur quia ex aliquid eum.,,RO19,2015-06-01,AHOPPE,2017-09-06,,,ACTIVE,,,,,,,,,,,,,,,,,,,,,,,,Y,,,,,,,,,2017-09-06,AHOPPE,,,,,,,Y,
2858248,CK1272998,AHUDSON,2434875,,,234537121S,,,2017-09-06,,,,,RO48,2015-04-09,RO48,2015-12-31,,,ACTIVE,,,,,,,,,,,,,,,,,,,,,,,,Y,,,,,,,,,2017-09-06,KBERGNAUM,,,,,,,Y,
2860174,CK1273993,AHUDSON,8419024,,,836599162S,,,2017-11-13,,,Nulla aut ad aliquid illum ut.,,RO62,2017-10-10,RO62,2017-10-31,,RO36,ACTIVE,,,,,,,,,,,,Y,Y,,,,,,,,,,,,,,,,,,,,2017-11-13,KBERGNAUM,,,,,,,Y,
2860194,CK804056,AHUDSON,3623651,A,,833066187S,,,2017-09-06,,,Voluptas quia voluptatem architecto voluptatem ducimus voluptas dolores quis.,,RO48,2016-06-10,RO48,2017-03-18,,,ACTIVE,,,,,,,,,,,,,,,,,,,,,,,,Y,Y,,,,,,,,2017-09-06,KBERGNAUM,,,,,,,Y,
2860911,CK1274386,SBODE,5805518,,,310981445S,,,2017-08-16,,,Qui voluptatem quis velit fugit.,,RO83,2014-04-15,LRUNOLFSD1,2017-12-08,,RO83,ACTIVE,,,,,,,,,,Y,,,,,,,,,,,,,,Y,,,,,,N,,,2017-08-16,CFERRY1,,,,,,,Y,
2861831,CK1274911,AHUDSON,7042417,,,190416100S,,,2017-09-12,,,Similique est exercitationem facilis omnis alias.,,RO48,2014-09-27,RO48,2016-08-20,,,ACTIVE,,,,,,,,,,,,,,,,,,,,,,,,Y,,,,,,,,,2017-09-12,KBERGNAUM,,,,,,,Y,
2864624,CK1276438,SBODE,7109184,,,961237620S,,,2017-10-11,,,,,RO31,2016-01-22,RO31,2016-05-25,,,ACTIVE,,,,,,,,,,,,,,,,,,,,,,,,Y,,,,,,,,,2017-10-11,ACONNELLY1,,,,,,,Y,
2865144,CK841163,CRUSSEL,3994192,,,445416757S,,,2014-04-30,,2015-09-28,,,RO19,2014-04-01,RO19,2017-11-09,,,REMAND,,,,,,4338684,,,,,,,,,,,,,,,,,,Y,,,,,,N,2015-09-28,AWEHNER1,2014-05-02,AZEMLAK,,,,,,,Y,
2866269,CK1277417,SBODE,9301081,,,585475401S,,,2017-11-22,,,Eum deleniti rerum doloribus.,,RO25,2016-02-10,RO25,2017-07-31,,,ACTIVE,,,,,,,,,,,,,,,,,,,,,,,,Y,,,,,,,,,2017-11-22,CVON1,,,,,,,Y,
2866470,CK1277525,CRUSSEL,4554797,,,981775045S,,,,,,,,RO18,2014-11-10,RO18,2016-09-20,,RO17,ADVANCE,,,,,,,,,,N,,,,,,,,Y,,,,,,N,,,,,,N,,,,,,,,,,,Y,
2866935,113789,CRUSSEL,2629928,,,540672320S,,,2017-09-06,,,,,RO11,2016-09-09,RO11,2017-07-26,,,ACTIVE,,,,,,,,,,,,,,,,,,,,,,,,Y,,N,,,,,,,2017-09-06,DSWIFT1,,,,,,,Y,
2867283,CK1277995,MHALEY,3226257,,,925300889S,,,2017-10-27,,,,,RO17,2017-01-25,RO17,2017-03-14,,,ACTIVE,,,,,,,,,,,,,,,,,,,,,,,,Y,,,,,,,,,2017-10-27,IDURGAN,,,,,,,Y,
2867550,CK310772,SBODE,4420888,,,707748740S,,,2017-08-29,,,,,RO51,2015-03-02,RO51,2015-07-27,,,ACTIVE,,,,,,,,,,,,,,,,,,,,,,,,Y,,,,,,N,,,2017-08-29,ACONNELLY1,,,,,,,Y,
2867636,CK208448,CRUSSEL,9895195,A,,246424277S,,,,,,,,RO81,2015-07-20,RO19,2017-12-05,,RO49,ADVANCE,,,,,,,,,,,,Y,,,,,,,,,,,,N,,,,,,,,,,,,,,,,,Y,
2868124,253403,AHUDSON,7083039,,,113306363S,,,2017-09-06,,,Sunt sint corporis beatae magnam quia esse.,,RO40,2015-12-17,RO40,2017-05-01,,,ACTIVE,,,,,,,,,,,,Y,,,,,,,,,Y,,,N,,,,,,N,,,2017-09-06,KBERGNAUM,,,,,,,Y,
2868344,CK751605,AHUDSON,6382904,A,,702473441S,,,2017-08-31,,,Exercitationem sed beatae dolorum pariatur fuga.,,RO44,2016-02-11,RO44,2017-01-30,,,ACTIVE,,,,,,,,,,,,,,,,,,Y,,,,,,N,,,,,,,,,2017-08-31,AHOPPE,,,,,,,Y,
2869549,CK793315,AHUDSON,8712842,,,162428277S,,,2017-10-17,,,Ut fugiat repellat amet.,,RO48,2014-09-19,RO48,2016-11-15,,,ACTIVE,,,,,,,,,,,,,,,,,,,,,,,,Y,,,,,,,,,2017-10-17,AHOPPE,,,,,,,Y,
2871148,CK1280081,CRUSSEL,8412715,,,600875938S,,,2017-12-07,,,Architecto ab sed ut.,,RO13,2016-09-12,RO13,2016-10-28,,RO04,ACTIVE,,,,,,,,,,,,,,,,,,,,,,,,Y,,,,,,,,,2017-12-07,ACONNELLY1,,,,,,,Y,
2871207,CK1280117,MHALEY,1903808,,,114429403S,,,2017-08-25,,,Sint tempore saepe molestiae cumque.,,RO17,2016-09-30,RO17,2016-10-07,,,ACTIVE,,,,,,,,,,,,,,,,,,,,,,,,Y,,,,,,,,,2017-08-25,BHOWE,,,,,,,Y,
2872913,CK656743,AHUDSON,5113643,,,888644753S,,,2017-10-13,,,,,RO40,2015-11-27,RO40,2016-03-18,,,ACTIVE,,,,,,,,,,,,,,,,,,Y,,,,,,,,,,,,N,,,2017-10-13,AHOPPE,,,,,,,Y,
2872979,CK532566,AHUDSON,2449770,A,,368784007S,,,2017-11-03,,,Nemo dolores commodi accusamus animi sint est provident dignissimos.,,RO45,2015-07-16,RO45,2017-10-27,,,ACTIVE,,,,,,,,,,,,,,,,,,,,,,,,Y,,,,,,,,,2017-11-03,AHOPPE,,,,,,,Y,
2873420,27124,AHUDSON,3673389,,,411576756S,,,2017-11-07,,,Aut dolor voluptatem officia mollitia iste.,,RO54,2015-02-11,RO54,2017-10-14,,,ACTIVE,,,,,,,,,,,,,,,,,,,,,,,,Y,,,,,,,,,2017-11-07,AHOPPE,,,,,,,Y,
2873731,CK321293,CRUSSEL,5373241,A,,502307431S,,,,,,Pariatur sunt quas sit enim earum.,,RO81,2015-11-13,RO19,2017-09-15,,RO81,ADVANCE,,,,,,,,,,,,,,,,,,,,,,,,Y,,,,,,,,,,,,,,,,,Y,
2874031,CK1281722,AHUDSON,6265385,,,910209474S,,,2017-03-27,,,Esse eos nobis deserunt.,,RO48,2015-03-23,RO48,2016-10-25,,,ACTIVE,,,,,,,,,,,,,,,,,,,,,,,,Y,,,,,,N,,,2017-03-27,SBEAHAN,,,,,,,Y,
2874889,CK759075,SBODE,3782758,,,591182998S,,,2017-09-12,,,,,RO31,2016-02-02,RO31,2016-02-26,,,ACTIVE,,,,,,,,,,,,,,,,,,,,,,,,Y,Y,,,,,,,,2017-09-12,KBERGNAUM,,,,,,,Y,
2875194,32B06BCE,MHALEY,4098897,,,410196073S,,,2017-09-11,,,Sed libero dolores repellendus.,,RO17,2016-03-24,RO17,2016-09-13,,,ACTIVE,,,,,,,,,,,,,,,,,,,,,,,,Y,,,,,,,,,2017-09-11,KBERGNAUM,,,,,,,Y,
2875943,CK1282864,CRUSSEL,8830045,,,555612784S,,,2017-09-06,,,,,RO19,2016-09-30,AHOPPE,2017-09-06,,,ACTIVE,,,,,,,,,,,,,,,,,,,,,,,,Y,,,,,,,,,2017-09-06,AHOPPE,,,,,,,Y,
2876008,CK1282908,AHUDSON,4347584,,,998451125S,,,2017-11-08,,,,,RO48,2015-11-17,RO48,2016-05-17,,,ACTIVE,,,,,,,,,,,,,,,,,,,,,,,,Y,,,,,,,,,2017-11-08,AHOPPE,,,,,,,Y,
2876293,CK270522,AHUDSON,4313214,,,701484192S,,,2017-08-30,,,,,RO48,2015-12-08,RO48,2016-07-26,,,ACTIVE,,,,,,,,,,,,,,,,,,,,,,,,Y,,,,,,,,,2017-08-30,AHOPPE,,,,,,,Y,
2876729,CK781130,SBODE,5938911,A,,524753902S,,,2017-11-01,,,,,RO35,2014-08-28,RO35,2017-09-18,,,ACTIVE,,,,,,,,,,,,,,,,,,,,,,,,Y,,,,,,,,,2017-11-01,CVON1,,,,,,,Y,
2878331,CK1284278,CRUSSEL,7862274,,,140791748S,,,2017-09-12,,,Facilis sequi omnis pariatur in cum reprehenderit.,,RO19,2014-09-20,RO19,2017-06-28,,,ACTIVE,,,,,,,,,,,,,,,,,,,,,,,,Y,,,,,,,,,2017-09-12,KBERGNAUM,,,,,,,Y,
2878844,CK770541,MHALEY,5026653,,,456536036S,,,2017-11-13,,,,,RO22,2014-12-27,RO22,2017-11-01,,,ACTIVE,,,,,,,,,,,,,,,,,,,,,,,,Y,,N,,,,,,,2017-11-13,KBERGNAUM,,,,,,,Y,
2878886,309E3C8D,MHALEY,3513879,,,603628567S,,,2017-09-06,,,,,RO17,2016-04-01,RO17,2016-04-20,,,ACTIVE,,,,,,,,,,,,,,,,,,,,,,,,Y,,,,,,,,,2017-09-06,AHOPPE,,,,,,,Y,
2879438,CK726136,MHALEY,6871116,,,834248215S,,,2017-10-12,,,,,RO16,2017-07-06,RO16,2017-08-25,,,ACTIVE,,,,,,,,,,N,,Y,,,,,,,,,,,,N,,Y,,,,,,,2017-10-12,KBERGNAUM,,,,,,,Y,
2879794,CK886370,AHUDSON,2740720,,,245620198S,,,2017-09-05,,,Vel sed eligendi dolores est minima officia.,,RO49,2016-10-24,KBERGNAUM,2017-09-05,,,ACTIVE,,,,,,,,,,,,,,,,,,,,,,,,Y,,Y,,,,,,,2017-09-05,KBERGNAUM,,,,,,,Y,
2881126,CK835238,SBODE,1374181,,,896029665S,,,2017-09-13,,,,,RO51,2015-04-21,RO51,2016-03-14,,,ACTIVE,,,,,,,,,,,,,,,,,,,,,,,,Y,,,,,,,,,2017-09-13,DSWIFT1,,,,,,,Y,
2881394,CK1286022,MHALEY,8189595,,,519058774S,,,2017-08-30,,,Mollitia fuga sit velit quibusdam voluptas ea.,,RO22,2015-08-13,RO22,2017-03-03,,,ACTIVE,,,,,,,,,,,,,,,,,,,,,,,,Y,,,,,,,,,2017-08-30,KBOGAN1,,,,,,,Y,
2883675,31165525,MHALEY,5975137,,,404770578S,,,2017-09-13,,,Porro alias et qui recusandae laboriosam.,,RO17,2016-09-22,RO17,2017-01-18,,,ACTIVE,,,,,,,,,,,,,,,,,,,,,,,,Y,,,,,,,,,2017-09-13,AHOPPE,,,,,,,Y,
2884353,CK1287696,AHUDSON,3288589,,,382393785S,,,2017-11-03,,,,,RO39,2015-05-13,RO39,2017-09-22,,,ACTIVE,,,,,,,,,,,,,,,,,,,,,,,,Y,,,,,,,,,2017-11-03,AHOPPE,,,,,,,Y,
2884636,CK1287865,AHUDSON,9070713,,,385849156S,,,2017-11-03,,,Velit numquam aut fuga et recusandae est.,,RO39,2015-03-30,RO39,2017-10-20,,,ACTIVE,,,,,,,,,,,,,N,,,,,,,,,,,Y,,,,,,,,,2017-11-03,AHOPPE,,,,,,,Y,
2887534,246948,SBODE,4376139,,,388242178S,,,2017-09-12,,,Ut maxime voluptatem illum illo alias praesentium.,,RO29,2015-09-29,RO29,2015-10-21,,,ACTIVE,,,,,,,,,,,,,,,,,,,,,,,,Y,,,,,,,,,2017-09-12,AHOPPE,,,,,,,Y,
2889036,83160,AHUDSON,2696101,,,738464961S,,,2017-09-11,,,,,RO44,2014-09-26,SROWE,2017-10-24,,,ACTIVE,,,,,,,,,,,,,,,,,,,,,,,,Y,,,,,,N,,,2017-09-11,KBERGNAUM,,,,,,,Y,
2889676,9518,AHUDSON,4055941,,,188144266S,,,2017-08-29,,,Totam at nisi iusto officia.,,RO44,2015-06-15,RO44,2016-08-08,,,ACTIVE,,,,,,,,,,,,,,,N,,,,,,,,,Y,,,,,,,,,2017-08-29,KBERGNAUM,,,,,,,Y,
2889953,CK601214,MHALEY,3460640,A,,924466364S,,,2017-11-01,,,Necessitatibus voluptatem exercitationem sunt aliquam earum sapiente nobis quo.,,RO16,2014-11-06,RO16,2017-02-21,,,ACTIVE,,,,,,,,,,,,,,,,,,,,,,,,Y,,,,,,,,,2017-11-01,IDURGAN,,,,,,,Y,
2891201,CK563177,AHUDSON,3549669,,,922533395S,,,2017-09-07,,,Hic ipsam quo molestias error facilis inventore eos autem.,,RO46,2015-06-18,RO46,2016-02-12,,,ACTIVE,,,,,,,,,,,,,,,,,,,,,,,,Y,,,,,,,,,2017-09-07,ACONNELLY1,,,,,,,Y,
2892519,CK1111639,CRUSSEL,7482550,,,262839391S,,,2017-08-28,,,,,RO09,2016-02-09,RO09,2016-04-11,,,ACTIVE,,,,,,,,,,,,,,,,,,,Y,,,,,,Y,,,,,,,,2017-08-28,KBERGNAUM,,,,,,,Y,
2893002,CK1292575,SBODE,6620582,,,930244193S,,,2017-11-14,,,Consectetur reiciendis numquam soluta optio quia quam possimus qui.,,RO50,2016-02-26,RO50,2017-07-31,,,ACTIVE,,,,,,,,,,,,,,,,,,,,,,,,Y,,,,,,,,,2017-11-14,BHOWE,,,,,,,Y,
2894207,CK1126796,MHALEY,6871976,,,364028337S,,,2017-08-30,,,,,RO17,2015-05-27,RO17,2015-11-25,,,ACTIVE,,,,,,,,,,,,,,,,,,,,,,,,Y,,,,,,Y,,,2017-08-30,AHOPPE,,,,,,,Y,
2895030,321022,SBODE,3179040,,,676370840S,,,2017-11-24,,,In hic quas necessitatibus.,,RO31,2016-02-16,RO31,2016-03-08,,,ACTIVE,,,,,,,,,,,,,,,,,,,,,,,,Y,,Y,,,,,,,2017-11-24,CVON1,,,,,,,Y,
2895173,CK1037809,MHALEY,8511622,A,,149485059S,,,2017-07-25,,,At distinctio itaque ducimus aliquam eius explicabo officia.,,RO17,2014-09-25,DHINTZ,2017-10-02,,,ACTIVE,,,,,,,,,,,,,,,,,,,,,,,,Y,,,,,,,2017-07-25,ACONNELLY1,2017-07-25,CVON1,,,,,,,Y,
2901540,CK1297327,CRUSSEL,1817871,,,727126306S,,,2017-10-27,,,,,RO19,2017-03-13,RO19,2017-06-01,,,ACTIVE,,,,,,,,,,,,,,,,,,,,,,,,Y,,,,,,,,,2017-10-27,IDURGAN,,,,,,,Y,
2902844,CK113872,CRUSSEL,8938474,,,337712502S,,,2017-09-11,,,Cupiditate occaecati eum molestiae eveniet neque quasi.,,RO73,2016-03-15,RO73,2017-02-14,,,ACTIVE,,,,,,,,,,,,,,,,,,Y,,,,,,,,Y,,,,,,,2017-09-11,KBERGNAUM,,,,,,,Y,
2903521,CK1298377,CRUSSEL,8302207,,,808415990S,,,2017-05-24,,,Nesciunt repudiandae eveniet facere aperiam temporibus.,,RO14,2014-08-20,RO14,2017-05-02,,,ACTIVE,,,,,,,,,,,,,,,,,,Y,,,,,,N,,,,,,,,,2017-05-24,CVON1,,,,,,,Y,
2913382,CK1303846,CRUSSEL,9369461,,,605293964S,,,2017-08-31,,,,,RO01,2016-10-22,RO01,2017-01-31,,,ACTIVE,,,,,,,,,,,,,,,,,,,,,,,,Y,,,,,,,,,2017-08-31,AHOPPE,,,,,,,Y,
2914640,CK1304642,SBODE,8975863,,,409509534S,,,2017-11-15,,,Officia illo amet doloremque modi corporis dolor.,,RO30,2016-02-22,RO30,2016-11-15,,,ACTIVE,,,,,,,,,,,,,,Y,,,,,,,,,,N,,,,,,,,,2017-11-15,CVON1,,,,,,,Y,
2914968,312498,AHUDSON,9034602,,,888914598S,,,2017-11-03,,,,,RO40,2015-11-13,RO40,2017-10-24,,,ACTIVE,,,,,,,,,,Y,,Y,,,,,,,,,,,,,,,,,,,,,2017-11-03,AHOPPE,,,,,,,Y,
2918526,CK1306826,SBODE,5373180,,,475914921S,,,2017-09-14,,,,,RO26,2016-09-22,RO26,2016-09-22,,,ACTIVE,,,,,,,,,,,,,,,,,,,,,,,,Y,,,,,,,,,2017-09-14,DSWIFT1,,,,,,,Y,
2918763,CK940945,MHALEY,5771157,,,387931979S,,,2016-10-29,,,,,RO16,2015-09-25,RO16,2016-10-14,,,ACTIVE,,,,,,,,,,,,,,,,,,Y,,,,,,,,,,,,,,,2016-10-29,FFRAMI,,,,,,,Y,
2919468,197558,SBODE,9421322,,,976470687S,,,2017-08-28,,,,,RO29,2014-08-25,RO29,2014-12-05,,,ACTIVE,,,,,,,,,,,,,,,,,,,,,,,,Y,,,,,,Y,,,2017-08-28,KBERGNAUM,,,,,,,Y,
2919910,CK1175203,AHUDSON,7139648,,,629035055S,,,2017-09-25,,,,,RO62,2017-03-20,RO51,2017-05-04,,RO62,ACTIVE,,,,,,,,,,,,,,,,,,,,,,,,Y,,,,,,,,,2017-09-25,KBERGNAUM,,,,,,,Y,
2926356,CK1311203,AHUDSON,7091075,,,955852910S,,,2016-08-23,,,,,RO43,2016-06-13,MMOHR,2017-11-30,,,ACTIVE,,,,,,,,,,,,,,,,,,,,Y,,,,,,,,,,,,,2017-03-20,KBOGAN1,,,,,,,Y,
2932923,163760,MHALEY,2729270,,,425943295S,,,2017-08-31,,,Molestiae eos velit et fuga omnis voluptas aut.,,RO55,2015-09-25,MMOHR,2017-11-20,,,ACTIVE,,,,,,,,,,,,,,,,,,,,,,,,Y,,Y,,,,,,,2017-08-31,AHOPPE,,,,,,,Y,
2933334,CK1315026,CRUSSEL,1841987,,,786637934S,,,2017-09-12,,,,,RO06,2016-02-17,RO06,2017-08-28,,,ACTIVE,,,,,,,,,,,,,,,,,,,,,,,,Y,Y,,,,,,,,2017-09-12,ACONNELLY1,,,,,,,Y,
2933747,CK1315250,SBODE,9829308,A,,168788742S,,,2017-08-24,,,Commodi iste eum dignissimos.,,RO35,2016-04-15,RO35,2016-07-11,,,ACTIVE,,,,,,,,,,,,,,,,,,,,,,,,Y,,,,,,,,,2017-08-24,ACONNELLY1,,,,,,,Y,
2934740,CK1203228,MHALEY,9513954,,,202720297S,,,2017-08-28,,,,,RO55,2015-01-13,RO55,2016-06-30,,,ACTIVE,,,,,,,,,,,,,,,,,,,,,,,,Y,,,,,,,,,2017-08-28,FFRAMI,,,,,,,Y,
2939052,CK1318176,MHALEY,8406788,,,222643461S,,,2017-10-23,,,Ducimus recusandae dolor quam in hic non sunt maiores.,,RO17,2017-05-17,RO17,2017-06-15,,,ACTIVE,,,,,,,,,,,,,,,,,,,,,,,,Y,,,,,,,,,2017-10-23,BHOWE,,,,,,,Y,
2939273,CK1318302,AHUDSON,4653215,A,,895741175S,,,2017-08-25,,,,,RO49,2016-07-20,RO21,2016-10-03,,RO23,ACTIVE,,,,,,,,,,,,,,,,,,Y,,,,,,,,Y,,,,,,,2017-08-25,ACONNELLY1,,,,,,,Y,
2939932,CK1318678,CRUSSEL,1823370,A,,684450511S,,,2017-08-24,,,Nesciunt fuga enim porro corporis perspiciatis nobis.,,RO10,2016-02-24,RO10,2016-04-12,,,ACTIVE,,,,,,,,,,,,,Y,,,,,,,Y,,,,N,,,,,,,,,2017-08-24,DSWIFT1,,,,,,,Y,
2940946,CK676918,MHALEY,7499134,,,138034137S,,,2017-11-13,,,,,RO55,2015-02-27,RO55,2017-08-01,,,ACTIVE,,,,,,,,,,,,,,,,,,,,,,,,Y,,,,,,,,,2017-11-13,CVON1,,,,,,,Y,
2941741,CK1319708,AHUDSON,4918017,,,992190636S,,,2016-08-06,,,Eum rerum ea quibusdam omnis rem iure blanditiis necessitatibus.,,RO39,2015-09-24,RO39,2016-06-03,,,ACTIVE,,,,,,,,,,,,,,N,,,,Y,,,,,N,N,,,,,,,,,2016-08-06,TBOSCO,,,,,,,Y,
2946670,CK1322635,AHUDSON,1674308,A,,746824586S,,,2017-09-05,,,,,RO43,2017-05-03,RO43,2017-05-06,,,ACTIVE,,,,,,,,,,,,,,,,,,,,,,,,Y,,,,,,,,,2017-09-05,ACONNELLY1,,,,,,,Y,
2955782,CK1327799,MHALEY,2940882,,,208464196S,,,2017-09-13,,,Quam corporis sed et in eaque placeat eos.,,RO22,2016-02-16,RO22,2017-01-10,,,ACTIVE,,,,,,,,,,,,,,,,,,,,,,,,Y,,,,,,,,,2017-09-13,DSWIFT1,,,,,,,Y,
2956906,76540,CRUSSEL,9206484,,,945886687S,,,2017-08-30,,,Quisquam nemo aut recusandae necessitatibus et molestiae porro.,,RO01,2015-12-29,RO01,2017-06-27,,,ACTIVE,,,,,,,,,,,,Y,,,,,,,,,,,,,,,,,,,,,2017-08-30,DSWIFT1,,,,,,,Y,
2960158,CK1330232,AHUDSON,5784390,,,531054761S,,,2017-08-31,,,Qui eos laudantium deleniti ipsa.,,RO44,2016-05-09,RO44,2016-09-14,,,ACTIVE,,,,,,,,,,,,,,,,,,,,,,,,Y,,,,,,,,,2017-08-31,KBERGNAUM,,,,,,,Y,
2963634,CK1332118,AHUDSON,1169712,,,292812148S,,,2017-10-16,,,Velit ipsa aut quibusdam aspernatur.,,RO49,2015-10-23,RO49,2017-09-13,,,ACTIVE,,,,,,,,,,,,,,,,,,,,,,,,Y,,,,,,,,,2017-10-16,KBERGNAUM,,,,,,,Y,
2970712,CK1259420,AHUDSON,3089936,,,613677561S,,,2017-09-19,,,Et ad tenetur veniam soluta sunt dignissimos.,,RO48,2015-05-20,RO48,2015-07-31,,,ACTIVE,,,,,,,,,,,,,,,,,,,,,,,,Y,,,,,,,,,2017-09-19,AHOPPE,,,,,,,Y,
2972371,CK775833,AHUDSON,4885333,,,232858399S,,,2017-10-13,,,,,RO48,2017-02-06,RO48,2017-09-28,,,ACTIVE,,,,,,,,,,,,,Y,,,,,Y,,,,,,,,,,,,,,,2017-10-13,ACONNELLY1,,,,,,,Y,
2976888,CK1339105,MHALEY,4013668,,,246381604S,,,2017-09-05,,,,,RO17,2015-11-12,RO17,2015-12-01,,,ACTIVE,,,,,,,,,,,,Y,,,,,,,,,,,,N,,,,,,N,,,2017-09-05,ACONNELLY1,,,,,,,Y,
2986355,CK1344079,AHUDSON,7177281,A,,797745692S,,,2017-08-24,,,Ipsum molestias temporibus magnam qui aliquam.,,RO48,2017-05-02,RO48,2017-06-02,,,ACTIVE,,,,,,,,,,,,,,,,,,,,,,,,Y,,,,,,,,,2017-08-24,ACONNELLY1,,,,,,,Y,
2988375,CK783341,MHALEY,5341467,A,,190278814S,,,2017-11-13,,,,,RO22,2017-02-14,RO22,2017-11-01,,,ACTIVE,,,,,,,,,,,,,Y,,,,,,,,,,,N,,,,,,,,,2017-11-13,KBERGNAUM,,,,,,,Y,
2997131,CK1350021,CRUSSEL,1885762,,,265360017S,,,2017-10-27,,,Nisi rerum occaecati esse.,,RO18,2015-12-11,RO18,2016-10-17,,,ACTIVE,,,,,,,,,,,,,,,,,,,,,,,,Y,,,,,,,,,2017-10-27,DSWIFT1,,,,,,,Y,
3002500,CK1353032,MHALEY,8201304,,,138590125S,,,2017-08-25,,,Id ut qui deleniti.,,RO17,2017-02-21,RO17,2017-03-06,,,ACTIVE,,,,,,,,,,,,,,,,,,,,,,,,Y,,,,,,,,,2017-08-25,ACONNELLY1,,,,,,,Y,
3019694,CK1362122,AHUDSON,7592395,,,849386058S,,,2017-10-04,,,,,RO39,2016-08-26,RO39,2017-03-13,,,ACTIVE,,,,,,,,,,,,N,,,,,,N,,,,,,Y,Y,,,,,,,,2017-10-04,KBERGNAUM,,,,,,,Y,
3019752,CK1362140,MHALEY,4415021,,,328723195S,,,2017-12-07,,,Suscipit fuga cupiditate natus cumque non vel.,,RO22,2016-09-12,KBERGNAUM,2017-12-07,,RO22,ACTIVE,,,,,,,,,,,,,,,,,,,,,,,,Y,,,,,,,,,2017-12-07,KBERGNAUM,,,,,,,Y,
3021614,CK1363117,CRUSSEL,9069211,,,704323573S,,,2017-08-30,,,Voluptates reprehenderit nobis commodi.,,RO19,2016-10-03,RO19,2016-12-01,,,ACTIVE,,,,,,,,,,,,,Y,,,,,,,,,,,N,,,,,,,,,2017-08-30,AHOPPE,,,,,,,Y,
3022976,CK643553,MHALEY,1319069,A,,695241632S,,,2017-08-22,,,,,RO17,2016-09-15,RO17,2016-10-06,,RO17,ACTIVE,,,,,,,,,,,,,,,,,,,,,,,,Y,,,,,,,,,2017-08-22,SBEAHAN,,,,,,,Y,
3025801,CK156070,AHUDSON,3561981,,,853444309S,,,2017-09-15,,,Aperiam perspiciatis quis excepturi sit unde dignissimos quos et.,,RO43,2017-05-13,DSWIFT1,2017-09-15,,,ACTIVE,,,,,,,,,,,,Y,,,,,,,,,,,,,,,,,,,,,2017-09-15,DSWIFT1,,,,,,,Y,
3026376,67082,CRUSSEL,9662078,,,596792606S,,,2017-08-29,,,Pariatur sit et est minus praesentium dolore veritatis quis.,,RO01,2016-01-21,RO01,2016-01-21,,,ACTIVE,,,,,,,,,,,,,,,,,,,,,,,,Y,,,,,,,,,2017-08-29,ACONNELLY1,,,,,,,Y,
3026416,CK602007,SBODE,7382445,,,869694280S,,,2017-09-07,,,,,RO31,2016-06-22,RO31,2017-09-05,,,ACTIVE,,,,,,,,,,,,,,,,,,,,,,,,Y,,,,,,,,,2017-09-07,ACONNELLY1,,,,,,,Y,
3026933,31DAC110,MHALEY,6122501,,,190595135S,,,,,,Saepe ratione ipsa mollitia voluptas.,,RO55,2015-05-13,RO55,2017-06-30,,,ADVANCE,,,,,,,,,,,,,,,,,,,,,,,,Y,,,,,,,,,,,,,,,,,Y,
3030413,CK1367819,AHUDSON,7065125,,,922705730S,,,2017-11-13,,,Et harum optio architecto tempora iste enim.,,RO48,2017-09-18,RO48,2017-11-04,,,ACTIVE,,,,,,,,,,,,,,,,,,,,,,,,Y,,,,,,,,,2017-11-13,KBERGNAUM,,,,,,,Y,
3031975,CK1368687,SBODE,6054347,,,635251735S,,,2017-09-15,,,Repellendus exercitationem voluptate ut sed.,,RO26,2017-02-13,RO26,2017-03-07,,,ACTIVE,,,,,,,,,,,,,,,,,,,,,,,,Y,,,,,,,,,2017-09-15,AHOPPE,,,,,,,Y,
3035772,CK591149,A1,2319980,,,466031435S,,,2014-12-22,,2015-10-02,Excepturi nesciunt ut suscipit.,,BHOWE,2006-03-28,RO55,2017-09-11,,,REMAND,,,,,,7124206,,,,,,,,,,,,,,,,,,Y,,,,,,,2015-10-01,MSTREICH,2015-01-13,RFLATLEY,,,,,,,Y,
3041333,CK1373845,AHUDSON,1092825,,,876446276S,,,2017-10-31,,,Magni voluptate alias rem quidem praesentium unde possimus in.,,RO45,2017-01-09,RO45,2017-06-30,,,ACTIVE,,,,,,,,,,,,,,,,,,Y,,,,,,,,,,,,,,,2017-10-31,IDURGAN,,,,,,,Y,
3041989,CK874336,SBODE,6423097,,,107924012S,,,2017-10-27,,,Nihil est est aut quidem veniam consequatur et.,,RO83,2015-05-04,RO49,2017-06-25,,RO83,ACTIVE,,,,,,,,,,Y,,,,,,,,,,,,,,Y,,,,,,,,,2017-10-27,RFLATLEY,,,,,,,Y,
3046950,CK1377007,AHUDSON,5799433,,,449877831S,,,2017-09-12,,,Error ea quia aut ut similique minima consequuntur.,,RO48,2015-07-21,RO48,2016-09-17,,,ACTIVE,,,,,,,,,,,,,,,,,,,,,,,,Y,,,,,,,,,2017-09-12,ACONNELLY1,,,,,,,Y,
3060200,CK1214227,SBODE,4390067,,,229505317S,,,2017-10-24,,,,,RO31,2017-01-23,KBERGNAUM,2017-10-24,,,ACTIVE,,,,,,,,,,,,,Y,,,,,,,,,,,N,,,,,,,,,2017-10-24,KBERGNAUM,,,,,,,Y,
3060449,CK1360058,CRUSSEL,4418618,A,,671594551S,,,2017-08-30,,,Exercitationem qui aut non voluptatem in amet est.,,RO01,2015-05-05,RO01,2015-06-05,,,ACTIVE,,,,,,,,,,,,,,,,,,,,,,,,Y,,,,,,,,,2017-08-30,ACONNELLY1,,,,,,,Y,
3062960,CK1385608,SBODE,6146835,,,366959426S,,,2017-11-08,,,,,RO51,2015-09-25,RO51,2016-05-04,,,ACTIVE,,,,,,,,,,,,,,,,,,,,,,,,Y,,,,,,,,,2017-11-08,ACONNELLY1,,,,,,,Y,
3063903,CK1386144,CRUSSEL,2114308,,,329146737S,,,2017-08-18,,,,,RO18,2016-12-15,RO18,2017-02-23,,,ACTIVE,,,,,,,,,,,,Y,,,,,,Y,,,,,,N,,,,,,,,,2017-08-18,BHOWE,,,,,,,Y,
3085659,CK1397840,AHUDSON,5800366,,,239120550S,,,2017-07-25,,2017-09-19,Veritatis distinctio et est.,,RO40,2015-12-04,ETILLMAN,2017-09-19,,,REMAND,,,,,,5169343,,,,,,,,,,,,,,,,,,Y,,,,,,,2017-09-19,ETILLMAN,2017-07-25,ACONNELLY1,,,,,,,Y,
3124515,188147,AHUDSON,6959429,,,386753835S,,,2017-09-14,,,Et et et dignissimos expedita error voluptatibus eum repudiandae.,,RO44,2015-12-14,RO44,2016-08-04,,,ACTIVE,,,,,,,,,,,,,,,,,,,,,,,,Y,,,,,,,,,2017-09-14,AHOPPE,,,,,,,Y,
3156846,24870,MHALEY,5280925,,,209053627S,,,2017-08-31,,,Voluptatem quia quas praesentium cupiditate totam.,,RO55,2016-06-22,RO55,2017-06-27,,,ACTIVE,,,,,,,,,,,,,,,,,,,,,,,,Y,,,,,,,,,2017-08-31,AHOPPE,,,,,,,Y,
3242524,CK1296801,CRUSSEL,1253962,,,604969679S,,,,,,,,RO06,2017-11-27,RO06,2017-11-28,,,ADVANCE,,,,,,,,,,,,,,,,,,,,,,,,Y,Y,,,,,,,,,,,,,,,,Y,
3261587,CK240155,AHUDSON,1904948,,,807445673S,,,2017-04-03,,,,,RO45,2016-12-09,RO45,2016-12-28,,,ACTIVE,,,,,,,,,,,,,,,,,,,,,,,,Y,,,,,,,,,2017-04-03,AHOPPE,,,,,,,Y,
3282749,230880,CRUSSEL,8304252,A,,657332982S,,,2017-07-05,,2017-08-07,,,RO18,2017-01-03,RO18,2017-09-26,,,REMAND,,,,,,2091453,,,,,,,,,,,,,,,,,,Y,,,,,,,2017-08-04,KDAUGHERT,2017-07-05,ACONNELLY1,,,,,,,Y,
3283372,CK906187,A1,3197291,,,955197769S,,,2016-02-20,,2016-04-28,,,TBOSCO,2010-03-29,RO19,2016-06-20,,RO20,REMAND,,,,,,5559960,,,,,,,,,,,,,,,,,,Y,,,,,,,2016-04-28,KDAUGHERT,2016-02-20,TBOSCO,,,,,,,Y,
3306315,283946,AHUDSON,8944954,,,662643660S,,,2017-09-13,,2017-12-08,,,RO39,2013-03-05,GWHITE,2017-12-08,,,HISTORY,,,,,,,,,,,,Y,,,,,,,,,,,,,,,,,,,2017-12-08,GWHITE,2017-09-13,RFLATLEY,,,,,,,Y,
3310775,CK1516324,AHUDSON,8175997,,,760362568S,,,2017-07-19,,2017-09-19,,,RO46,2016-06-22,KDAUGHERT,2017-09-19,,,REMAND,,,,,,1732359,,,,,,,,,,,,,,,,,,Y,,,,,,,2017-09-19,KDAUGHERT,2017-07-19,KBERGNAUM,,,,,,,Y,
3363848,CK286153,AHUDSON,5597366,,,152003980S,,,2017-11-01,,2017-12-08,,,RO77,2016-08-08,GWHITE,2017-12-08,,,HISTORY,,,,,,,,,,,,,,,,,,Y,,,,,,,,,,,,,2017-12-08,GWHITE,2017-11-01,ACONNELLY1,,,,,,,Y,
3411278,CK1566214,AHUDSON,1653703,,,251674802S,,,2017-10-12,,,Qui omnis consequatur quidem veniam.,,RO45,2017-08-03,RO45,2017-08-31,,,ACTIVE,,,,,,,,,,,,,,,,,,,,,,,,Y,,,,,,,,,2017-10-12,KBERGNAUM,,,,,,,Y,
3436456,CK919850,A1,6256791,,,162726229S,,,2016-11-02,,2017-09-19,,,CLEHNER,2012-06-20,RO04,2017-10-16,,RO04,REMAND,,,,,,4926621,,,,,,,,,,,,,,,,,,Y,,,,,,,2017-09-19,MHYATT,2016-12-28,AHOPPE,,,,,,,Y,
3449656,CK913132,CRUSSEL,6369026,,,889444668S,,,2017-10-31,,,Dolorum est sit ducimus.,,RO04,2017-10-12,HBOSCO,2017-12-06,,,ACTIVE,,,,,,,,,,,,,,,,,,,,,,,,Y,,,,,,,,,2017-10-31,DSWIFT1,,,,,,,Y,
3461497,317E5524,A1,3939299,,,276880282S,,,2016-12-20,,2017-03-10,Voluptates doloribus rerum veritatis necessitatibus at voluptas sunt magni.,,KBERGNAUM,1996-04-23,RO55,2017-06-20,,,REMAND,,,,,,5727605,,,,,,N,N,,,,,Y,,,,,,,,N,,,,,2017-03-10,GWHITE,2016-12-22,KBERGNAUM,,,,,,,Y,
3467828,CK239748,A1,7799598,,,787148925S,,,2017-01-05,,2017-01-26,Illo doloremque quis sequi asperiores.,,CVON1,2009-04-30,RO55,2017-09-15,,,REMAND,,,,,,3203780,,,,,,,,,,,,,,,,,,Y,,,,,,,2017-01-25,JPROSACCO,2017-01-05,CVON1,,,,,,,Y,
3542942,CK1112548,CRUSSEL,8095970,,,378401094S,,,2017-12-08,,,Distinctio nesciunt optio eos non sed.,,RO15,2017-11-13,RO15,2017-12-04,,,ACTIVE,,,,,,,,,,,,,,,,,,,,,,,,Y,,,,,,,,,2017-12-08,ACONNELLY1,,,,,,,Y,
3565723,CK157337,A1,1273310,,,134499309S,,,2017-06-27,,,Fugiat perferendis atque dolores facere dicta tempore praesentium distinctio.,,ACONNELLY1,2013-02-22,JHYATT,2017-12-06,,,ACTIVE,,,,,,,,,,,,,,,,,,,,,,,,Y,,,,,,,,,2017-06-27,ACONNELLY1,,,,,,,Y,
3575931,CK992975,A1,9209665,,,216979849S,,,2017-07-17,,,,,KBOGAN1,2012-03-08,KBOGAN1,2017-07-17,,,ACTIVE,,,,,,,,,,,,,,,,,,,,,,,,Y,,,,,,,,,2017-07-17,KBOGAN1,,,,,,,Y,
3593381,CK1045431,A1,4254124,,,918926151S,,,2017-08-14,,2017-08-29,,,RFLATLEY,2011-10-25,RO16,2017-11-02,,RO16,REMAND,,,,,,2693641,,,,,,,,,,,,,,,,,,Y,,,,,,,2017-08-29,JPROSACCO,2017-08-14,RFLATLEY,,,,,,,Y,
3609359,CK1028378,A1,8884249,,,472424746S,,,2017-09-13,,,Aut corrupti repellat facere magnam quaerat est eaque modi.,,KBERGNAUM,2014-06-13,TWEIMANN,2017-12-06,,,ACTIVE,,,,,,,,,,,,,,,,,,,,,,,,Y,,,,,,,,,2017-09-13,KBERGNAUM,,,,,,,Y,
3615398,CK927578,A1,5005986,,,263174679S,,,2017-09-20,,,Soluta quos dicta facere voluptatem velit.,,IDURGAN,2011-06-29,FFRITSCH,2017-11-21,,,ACTIVE,,,,,,,,,,Y,,,,,,,,N,,,,,,Y,,,,Y,,,,,2017-09-20,IDURGAN,,,,,,,Y,
3616721,CK959390,A1,4006978,,,515790294S,,,2017-09-22,,,,,IDURGAN,2013-04-05,LRUNOLFSD1,2017-12-07,,,ACTIVE,,,,,,,,N,,,,,,,,,,,,,,,,Y,,,,,,,,,2017-09-22,IDURGAN,,,,,,,Y,
3617215,326052,A1,3462916,,,994806951S,,,2017-09-22,,,,,IDURGAN,2013-03-21,JHYATT,2017-12-07,,,ACTIVE,,,,,,,,,,,,,,,,,,,,,,,,Y,,,,,,,,,2017-09-22,IDURGAN,,,,,,,Y,
3618770,CK487969,A1,8122277,,,219228160S,,,2017-09-25,,,Quam distinctio voluptates asperiores voluptatibus eum.,,KBERGNAUM,2011-10-26,EFEIL,2017-12-08,,,ACTIVE,,,,,,,,,,,,N,N,,,,,N,,,,,,Y,,,,,,,,,2017-09-25,KBERGNAUM,,,,,,,Y,
3619838,CK1151970,A1,4575797,,,884668527S,,,2017-09-26,,,,,FFRAMI,2013-12-06,FFRAMI,2017-09-26,,,ACTIVE,,,,,,,,,,N,,,,,,,,,,,,,,Y,,,,,,,,,2017-09-26,FFRAMI,,,,,,,Y,
3620725,CK978062,A1,4485921,,,740799996S,,,2017-09-27,,,,,KBERGNAUM,2012-06-04,KBERGNAUM,2017-09-27,,,ACTIVE,,,,,,,,,,,,,,,,,,,,,,,,Y,,,,,,,,,2017-09-27,KBERGNAUM,,,,,,,Y,
3625593,CK659436,A1,6182238,,,767574947S,,,2017-10-04,,,,,KBOGAN1,2008-01-23,KBOGAN1,2017-10-04,,,ACTIVE,,,,,,,,,,,,,,,,,,Y,,,,,,N,,,,,,,,,2017-10-04,KBOGAN1,,,,,,,Y,
3626186,CK724573,A1,6127824,,,209179363S,,,2017-10-04,,,,,KBOGAN1,2009-01-16,KBOGAN1,2017-10-04,,,ACTIVE,,,,,,,,,,,,Y,Y,,,,,N,,,,,,N,,N,,,,,,,2017-10-04,KBOGAN1,,,,,,,Y,
3641199,CK969773,A1,7849474,,,720822143S,,,2017-10-31,,,Ad voluptatem expedita excepturi corporis adipisci et unde voluptatem.,,FFRAMI,2011-11-14,FFRITSCH,2017-12-07,,,ACTIVE,,,,,,,,,,,,,,,,,,,,,,,,Y,,,,,,,,,2017-10-31,FFRAMI,,,,,,,Y,
3642997,322C4332,A1,7574722,,,682007349S,,,2017-11-02,,2017-12-08,,,IDURGAN,2011-08-17,MHYATT,2017-12-08,,,HISTORY,,,,,,,,,,,,,,,,,,Y,,,,Y,,,,,,,,,2017-12-08,MHYATT,2017-11-02,IDURGAN,,,,,,,Y,
3662856,CK322476,A1,6627734,,,686623298S,,,2017-12-08,,,,,AHOPPE,2011-09-16,AHOPPE,2017-12-08,,,ACTIVE,,,,,,,,,,,,,,,,,,,,,,,,Y,Y,,,,,,,,2017-12-08,AHOPPE,,,,,,,Y,
3662859,CK157337,SBODE,6627735,,,767574947S,,,2017-12-08,,,,,AHOPPE,2011-09-16,AHOPPE,2017-12-08,,,ACTIVE,,,,,,,,,,,,,,,,,,,,,,,,Y,Y,,,,,,,,2017-12-08,AHOPPE,,,,,,,Y,
3662860,CK487969,SBODE,6627736,,,645883755S,,,2017-12-08,,,,,AHOPPE,2011-09-16,AHOPPE,2017-12-08,,,ACTIVE,,,,,,,,,,,,,,,,,,,,,,,,Y,Y,,,,,,,,2017-12-08,AHOPPE,,,,,,,Y,
877483,CK168505,CRUSSEL,8927941,A,,626343664S,,,2017-06-13,,2017-11-28,Mollitia hic quia incidunt blanditiis quam ut facilis.,,,2017-04-24,FBEAHAN,2017-11-28,,RO72,REMAND,,,,,,5371173,,,,,,,,,,,,,,,,,,Y,,,,,,,2017-11-28,FBEAHAN,2017-06-13,CVON1,,,,,,,Y,
