stafkey,susrpw,susrsec,susrtyp,ssalut,snamef,snamemi,snamel,slogid,stitle,sorg,sdept,saddrnum,saddrst1,saddrst2,saddrcty,saddrstt,saddrcnty,saddrzip,stelw,stelwex,stelfax,stelh,staduser,stadtime,stmduser,stmdtime,stc1,stc2,stc3,stc4,snotes,sorc1,sorc2,sorc3,sorc4,sactive,ssys,sspare1,sspare2,sspare3,sspare4,ssn,sfnod,sdob,sgender,shomeless,stermill,sfinhard,sadvage,smoh,svsi,spow,sals,spgwv,sincar
101713,,,VETERAN,Jr.,Glenda,Q,Wintheiser,561865298S,Ms.,Voluptatem dolorem enim error voluptates.,,,7015 Casper Springs,Apt. 372,Port Zackburgh,WV,PRK,95768-1278,(502) 458-5646,0737,1-931-015-1173,1-221-885-0150 x5644,NBINS,1995-06-02,FFRAMI,2016-11-13,,,,,,,,,,A,,Homenick,,,,353040234,,1970-10-12,M,,,,,,,,,,
113789,,,VETERAN,DDS,Thaddeus,P,Schmeler,533404509S,Mr.,Eius dolore et temporibus consequatur voluptatibus molestiae et vitae.,Iusto impedit ut et illum.,,53462 Mikayla Road,,West Virginiamouth,NE,ESH,17354-3058,(575) 006-7313 x8183,1633,(766) 641-1192 x99547,555-432-1696,NBINS,1995-06-12,DSWIFT1,2017-09-06,,,,,,,,,,A,,Macejkovic,Elissa,X,,510158615,,1986-03-08,M,,,,,,,,,,
149670,,,VETERAN,Jr.,Cathy,R,Haley,214130681S,Miss,Aliquam iusto iure et fuga aut.,Ut nihil neque quis tenetur molestias aut et vitae.,,28789 Neoma Valley,Suite 217,South Devante,AK,WSM,35437,120.876.8081 x45797,4440,,509.504.2723 x51379,NBINS,1995-06-12,RO39,2017-06-16,,,,,Animi consequatur voluptatem assumenda.,,,,,A,,Lindgren,Marquise,A,,527139459,,1966-05-23,F,,,,,,,,,,
163760,,,VETERAN,III,Vergie,P,Parker,372788266S,Ms.,Libero dolor doloribus maxime.,Et tempora molestiae voluptas minima.,,62659 Brianne Village,Suite 321,Hegmannton,NM,ALA,38810-0698,921.175.4701,0796,252-674-9393,(445) 688-2668 x369,NBINS,1995-06-20,RO55,2017-04-06,,,,,,,,,,A,,,Noemi,,,420076205,,1966-06-15,M,,,,,,,,,,
164215,,,VETERAN,Jr.,Dewitt,Q,Daniel,393372718S,Miss,Possimus omnis exercitationem inventore ut similique ullam.,Maiores tempore veniam tempora consectetur veritatis cupiditate.,,8805 Ferry Inlet,,Port Auroreborough,PA,TJK,39818-2276,381.948.6869 x5173,,,741-150-0324 x486,NBINS,1995-06-20,FFRAMI,2017-03-27,,,,,,,,,,A,,,,,,,,1971-12-26,F,,,,,,,,,,
188147,,,VETERAN,I,Waylon,F,Hills,801492073S,Mr.,Distinctio aut non quia dolor consequatur dolorem aspernatur.,,,9498 Greenfelder Way,,West Juliastad,WI,AND,29114-7377,647-833-4862 x349,,,,NBINS,1995-06-20,RO44,2016-08-04,,,,,Maiores id repellendus soluta.,,,,,A,,,,,,246972933,,,M,,,,,,,,,,
197071,,,VETERAN,I,Raymundo,I,Homenick,428554896S,Ms.,,Dolore dolor molestias veritatis in qui.,,357 Jacques Rapid,,West Shaina,TN,IRQ,66509-2123,944.439.4041,9108,(434) 317-0450,784-525-1932,NBINS,1995-06-26,VRMUSER,2017-02-22,,,,,Non ut tempore quo.,,,,, ,,Bechtelar,Margret,,,756561025,,1985-12-08,M,,,,,,,,,,
197558,,,VETERAN,MD,Celine,A,Mayert,480263159S,Miss,,Quia qui voluptas similique aut quasi nostrum autem.,,9853 Hirthe Cliff,Suite 859,New Abdulhaven,WY,IRL,59429,794-636-2940 x20457,6800,191-748-7755,671-350-6388,NBINS,1995-06-26,KBERGNAUM,2017-08-28,,,,,,,,,,A,,,Jarret,,,522384679,,1972-01-23,F,,,,,,,,,,
230880,,,VETERAN,DDS,Terry,P,Gibson,244445074S,Mr.,Quis perspiciatis doloribus rerum quo.,Corporis deleniti dolor aspernatur.,,9305 Ramiro Plains,Apt. 745,New Sincereland,MS,VGB,32673,1-757-538-2486,9349,653.465.7429 x029,326-748-3189 x680,NBINS,1995-07-07,RO18,2017-09-26,,,,,Assumenda iure omnis enim et vitae.,,,,,A,,Goodwin,Parker,,,632648656,,1980-07-21,M,,,,,,,,,,
242916,,,VETERAN,II,Anthony,O,Lang,594116817S,Dr.,Labore est rerum optio cum.,Blanditiis consequatur et et aliquam provident.,,5012 Elna Mountains,Apt. 926,Doylestad,MN,BHS,91818,406.658.1265 x0703,5985,750-166-8289,(744) 210-0177,NBINS,1995-07-07,DSWIFT1,2017-09-15,,,,,,,,,,A,,,,,,,,1987-06-28,F,,,,,,,,,,
246948,,,VETERAN,II,Lura,I,Cormier,438223790S,Mr.,Ut officia est odio pariatur ut alias aut.,,,5869 Leannon Streets,,Starkville,OH,UZB,49331,(866) 681-5761,5064,(584) 367-5751 x6034,1-732-254-3488,NBINS,1995-07-07,RO29,2015-10-13,,,,,,,,,, ,,,Adrain,R,,713621240,,,F,,,,,,,,,,
24870,,,VETERAN,MD,Domenic,N,Gislason,815436134S,Miss,Voluptates minus dolor nihil esse ut est accusantium.,,,33071 Shanahan Shores,,South Ciceroville,HI,WSM,88838,905-814-0236,,(230) 008-3821 x9680,138.817.3089 x061,NBINS,1995-05-25,RO55,2017-06-27,,,,,,,,,,A,,Steuber,Juliet,R,,,,1961-01-19,F,,,,,,,,,,
253403,,,VETERAN,II,Karianne,K,Frami,486168518S,Mrs.,Dignissimos mollitia minus nihil quos asperiores non deserunt.,,,9586 Grady Key,,North Clayland,GA,ALB,70441,1-517-375-5193,,,151-891-9770,NBINS,1995-07-07,KBERGNAUM,2017-09-06,,,,,,,,,,A,,,,,,383976721,,,F,,,,,,,,,,
27124,,,VETERAN,V,Elena,N,Wisoky,941202459S,Ms.,,Quidem cupiditate et nihil.,,9690 Bailey Center,,New Vaughnside,CO,LKA,16401,151-699-9970 x458,,,,NBINS,1995-05-25,RO54,2017-10-14,,,,,,,,,, ,,,,,,,,1963-03-18,M,,,,,,,,,,
280665,,,VETERAN,DDS,Elda,Z,Quigley,350882066S,Miss,Sapiente quia mollitia dolore quam vel quae perspiciatis quia.,Incidunt temporibus consectetur natus consequatur at.,,151 Carey Lodge,Apt. 959,Julianatown,MT,AFG,71859,1-363-613-1373,,395-214-5829,129.917.2232 x92671,NBINS,1995-07-07,RO14,2017-05-02,,,,,Eos reiciendis voluptas quasi similique voluptatum odio.,,,,, ,,,,T,,852145049,,,M,,,,,,,,,,
283946,,,WIDOW,V,Aurelie,K,Monahan,924603315S,Dr.,Ipsam et ipsa porro quo.,Tempora laboriosam rerum numquam autem.,,5489 Mortimer Mall,Apt. 515,Dickensborough,WI,LBN,59550-1542,909-043-7276,,335-773-2659,1-656-911-2199 x025,NBINS,1995-07-07,QGORCZANY,2017-10-12,,,,,,,,,,A,,Reichert,Marguerite,O,,334082248,1981-08-21,,F,,,,,,,,,,
305511,,,VETERAN,MD,Pete,A,Lowe,182481004S,Ms.,At est est necessitatibus autem voluptatem rerum.,,,98572 Dejuan Harbor,,Port Soledad,ND,SEN,93360-2595,620-268-5631 x217,,,,NBINS,1995-07-07,BHOWE,2017-10-27,,,,,Laudantium quis consectetur ut sunt aperiam.,,,,,A,,,Helen,,,,,1980-05-15,M,,,,,,,,,,
309E3C8D,,,VETERAN,IV,Brittany,N,Bergnaum,636435717S,Ms.,,,,53322 Lang Extension,,Konopelskichester,MI,BDI,62804,309-621-0311 x390,8396,,,DCRUICKSH,1995-11-06,RO17,2016-04-20,,,,,,,,,, ,,Botsford,Gretchen,K,,,,,F,,,,,,,,,,
31165525,,,VETERAN,MD,Jules,Q,Heidenreich,874825951S,Mr.,,Quasi similique saepe incidunt natus doloremque aut animi est.,,604 Hettinger Extension,,Tristinhaven,MS,HRV,91991,116-242-9162 x4533,,959.619.6713 x336,,RKESSLER,1996-02-05,RO17,2017-01-18,,,,,,,,,, ,,,Santos,,,239763805,,,F,,,,,,,,,,
312498,,,VETERAN,I,Violette,F,Leannon,465658334S,Dr.,Dolores aut et ducimus molestias vel et est nihil.,,,44786 Grimes Mountains,,East Gunnarshire,UT,GEO,44584-5545,737.426.2850 x228,7303,,,NBINS,1995-07-07,RO40,2017-10-24,,,,,Aut sint quibusdam et modi quae.,,,,,A,,,,,,132006792,,1977-06-28,M,,,,,,,,,,
31333341,,,VETERAN,PhD,Reina,M,Schamberger,475378781S,Ms.,Deserunt qui exercitationem expedita eligendi voluptatum unde quos.,,,165 Schroeder Bypass,,Kuhlmanville,ID,LBR,49726,(899) 857-3374,,463-127-5126 x90773,110.147.1501 x8317,FABSHIRE,1996-02-27,RO44,2014-09-10,,,,,Dignissimos dolor itaque laboriosam dolorum accusamus.,,,,, ,,,,C,,,,,M,,,,,,,,,,
317E5524,,,VETERAN,PhD,Rowena,J,Klein,702352251S,Miss,,In et deserunt odio enim minus omnis.,,73923 Deon Club,,Armandoborough,IN,TUN,16161,(515) 559-6691 x655,,800.767.7198 x89368,,TBOSCO,1996-04-24,RO55,2017-06-20,,,,,,,,,,A,,Durgan,,I,,,1993-10-03,,F,,,,,,,,,,
317F9CA7,,,VETERAN,DDS,Sabina,V,O'Reilly,217499048S,Miss,Asperiores tenetur voluptates omnis.,,,532 Rogahn Lodge,Suite 943,Iciefurt,KS,TUV,60130-2449,462-382-6939 x25748,9468,956-217-4467 x33202,1-907-204-8312 x888,RKESSLER,1996-04-25,RFLATLEY,2017-08-23,,,,,,,,,, ,,Hintz,Hilton,T,,,,1966-02-05,F,,,,,,,,,,
31BF258F,,,VETERAN,IV,Darby,P,Goldner,547258200S,Mrs.,,Eum sunt sapiente praesentium.,,24942 Maya Crest,Apt. 528,Nasirberg,NE,WSM,87882,243.088.4682 x58434,4112,,,FABSHIRE,1996-06-12,RO18,2015-09-23,,,,,Aut voluptates asperiores sit numquam laudantium deleniti.,,,,, ,,Stoltenberg,Gabriella,T,,,,,M,,,,,,,,,,
31DAC110,,,VETERAN,DDS,Kayden,J,Reilly,265230375S,Mrs.,,Aut ipsa libero placeat.,,252 Thiel Lane,Suite 609,Caterinaburgh,NV,HTI,40372-6632,273.422.5295 x39004,1866,,,DCRUICKSH,1996-07-03,RO55,2017-08-31,,,,,,,,,, ,,,,J,,243493055,,1965-03-19,M,,,,,,,,,,
31EE7C66,,,VETERAN,II,Lew,V,Barrows,587825751S,Mrs.,,Est quae et ratione.,,553 Franecki Shores,,East Amely,NY,SWZ,96504,1-309-528-2810 x21948,,,275.436.2495,DCRUICKSH,1996-07-18,VRMUSER,2017-03-21,,,,,Doloribus tenetur unde esse dolorem aut quos enim.,,,,, ,,,,V,,385668997,,1985-11-28,M,,,,,,,,,,
321022,,,VETERAN,PhD,Emmanuelle,L,Marvin,904839321S,Mrs.,,,,9470 Upton River,Apt. 182,Lake Sigurdmouth,WY,CYP,84743,(330) 793-4815,6651,,,NBINS,1995-07-07,RO31,2017-05-04,,,,,,,,,,A,,Senger,,X,,127185557,,1978-10-13,F,,,,,,,,,,
322C4332,,,VETERAN,MD,Easton,Y,Olson,184182985S,Ms.,At ducimus sint est non ipsa.,,,9505 Antonina Land,,Weberhaven,HI,CRI,45397-1974,668-701-5831,1492,780-131-5867,1-969-595-4147 x00883,FABSHIRE,1996-09-03,IDURGAN,2017-11-02,,,,,,,,,, ,,Reichel,Anika,I,,432069393,,1974-07-24,F,,,,,,,,,,
326052,,,VETERAN,Sr.,Nola,L,Stroman,690807930S,Miss,,,,40308 Kenny Vista,Suite 781,West Linnie,GA,ARG,78910-5209,(297) 470-7896,,200-155-0915,467-535-7278 x644,NBINS,1995-07-07,AKUHN1,2017-07-11,,,,,Dicta aliquam est deserunt earum nam nobis.,,,,,A,,,Veronica,,,,,,M,,,,,,,,,,
32B06BCE,,,VETERAN,DVM,Freddie,K,Wisoky,842714915S,Miss,,Quis corrupti non odio atque velit quis.,,22578 Schmitt Tunnel,,Port Susie,OR,ERI,21879-9845,1-590-503-7196 x02362,,448-051-0444 x30875,,ERUNTE,1996-12-12,IDURGAN,2017-11-01,,,,,Ipsam dolorem nulla accusantium rerum debitis est exercitationem autem.,,,,, ,,,Priscilla,Z,,,,1962-02-19,F,,,,,,,,,,
32E017BC,,,VETERAN,III,Joanny,E,Hahn,735499875S,Miss,Quod molestias ullam quo expedita nisi consequatur consectetur.,Quis dolorem sapiente facere debitis.,,792 Kristofer Ville,Suite 543,Gleasonberg,WY,SEN,14305-7406,1-141-079-5447 x47771,,,,FABSHIRE,1997-01-17,IDURGAN,2017-11-01,,,,,Reprehenderit quia quis illum quo sed voluptas quis minima.,,,,, ,,Gislason,,,,580181034,,1989-06-16,M,,,,,,,,,,
63698,,,VETERAN,DVM,Rebecca,B,Harber,869742775S,Mrs.,Quidem possimus culpa est ex adipisci modi.,Necessitatibus earum voluptates nesciunt itaque magnam.,,4928 Eve Locks,Suite 668,New Alexaport,VT,PYF,90306,1-414-467-8198,,,228.240.5206 x85225,NBINS,1995-06-02,DSWIFT1,2017-09-14,,,,,,,,,, ,,,Zola,J,,,,,M,,,,,,,,,,
67082,,,VETERAN,V,Yvette,D,Casper,639973245S,Miss,,Laboriosam totam tempora facere perspiciatis.,,3734 Keeling Station,,East Alfreda,SC,RWA,22816,(675) 202-4810,1359,292-375-4137,194.400.3189 x91691,NBINS,1995-06-02,RO01,2016-01-21,,,,,Minima quidem quia delectus asperiores quaerat explicabo sed.,,,,,A,,Schmeler,,R,,,,1974-05-02,M,,,,,,,,,,
76540,,,VETERAN,DDS,Kelley,B,Powlowski,728255285S,Ms.,Ut sit debitis adipisci.,,,75456 Keeling Roads,Apt. 895,Lake Scotty,WI,CHL,76177-9859,1-905-204-8649 x4535,5323,,,NBINS,1995-06-02,DSWIFT1,2017-08-30,,,,,Dolorem numquam unde possimus officiis similique hic ut.,,,,, ,,Denesik,Verner,,,184501261,,1962-05-02,F,,,,,,,,,,
83160,,,VETERAN,MD,Savanah,G,Huel,826926594S,Dr.,,Dignissimos esse dolor maiores.,,68655 Carroll Cliff,,Chanellefort,ME,KEN,68503-2057,(830) 923-6653,,892-681-7222,244.043.7308 x1940,NBINS,1995-06-02,MMOHR,2017-10-17,,,,,,,,,,A,,Boehm,,,,398318055,,1987-08-23,F,,,,,,,,,,
9518,,,VETERAN,DVM,Chester,K,Emmerich,158981052S,Miss,,Harum exercitationem est excepturi totam.,,837 Rippin Square,Apt. 641,West Jeromyview,DE,KWT,40746,1-714-484-5352 x4977,6239,,(481) 308-9992 x635,NBINS,1995-05-25,KBERGNAUM,2017-08-29,,,,,,,,,,A,,,Hoyt,,,407098556,,1985-06-07,M,,,,,,,,,,
CK1015115,,,VETERAN,I,Darion,E,Marks,521685821S,Ms.,Atque possimus est qui.,Incidunt quae debitis provident.,,36873 Batz Mills,Suite 993,Shanahanstad,NV,NOR,56040-0785,290.616.0442,,,(997) 719-1520,RO17,2010-10-28,DSWIFT1,2017-10-13,,,,,Recusandae enim optio voluptates.,,,,,A,,,,,,,,1971-10-30,F,,,,,,,,,,
CK1015796,,,VETERAN,V,Everette,F,Lowe,964928435S,Mrs.,,Ab nulla et iusto perferendis architecto error reiciendis labore.,,602 O'Connell Passage,Apt. 616,Toneyport,VA,UZB,61098-1381,312-296-5691 x845,,(953) 577-2712,,RO43,2010-10-29,RO44,2017-11-25,,,,,,,,,,A,,,,,,,,,F,,,,,,,,,,
CK1015874,,,VETERAN,IV,Neil,S,Wuckert,534253533S,Mrs.,Eaque cum quia non dolores.,Blanditiis est harum veniam architecto asperiores laborum quo.,,45825 Walsh Trail,Suite 674,Eusebioborough,AZ,GMB,73073-8437,1-306-478-3033 x449,4901,(641) 325-9070,,RO43,2010-10-30,RFLATLEY,2017-10-18,,,,,Error voluptatem soluta deleniti quo ut voluptatum illum beatae.,,,,,A,,,,,,,,,M,,,,,,,,,,
CK1026646,,,WIDOW,IV,Ashly,C,Kulas,337803246S,Mr.,Ducimus et alias eum veritatis sunt quae.,Consectetur autem quo eos enim.,,534 Friesen Flat,,North Audie,NJ,PNG,25725,(424) 633-4114,,1-691-546-1454 x31851,345-763-4003,RO83,2010-12-13,AHOPPE,2017-11-08,,,,,Eum facilis voluptas id commodi culpa.,,,,,A,,Herzog,Arianna,,,,,,F,,,,,,,,,,
CK1027056,,,VETERAN,Jr.,Jacky,A,Baumbach,323380098S,Mr.,Corporis quia numquam non modi fugiat voluptates consequatur.,,,9154 Adeline Forges,Suite 272,West Quentinside,MI,SRB,94718,(317) 442-6414,,199.978.3699 x49214,,RO62,2010-12-14,RFLATLEY,2017-06-15,,,,,Animi provident molestiae laboriosam sit ipsum ut.,,,,,A,,,,,,672597069,,,M,,,,,,,,,,
CK1028378,,,VETERAN,IV,Domenica,W,Fritsch,962135430S,Miss,,Harum totam voluptatem eius et.,,97864 Lane Manor,,Braunview,VA,PRY,33091-2215,990.958.9366 x8565,4394,1-168-795-0322 x58861,,RO23,2010-12-17,KBERGNAUM,2017-09-13,,,,,Earum voluptas deserunt laboriosam fuga sed voluptates sit.,,,,,A,,,,,,911340331,,,F,,,,,,,,,,
CK102838,,,VETERAN,DDS,Nola,W,Bruen,938029880S,Miss,Ut cupiditate eos ut quaerat.,Omnis quod aut sit nisi consequatur corrupti.,,570 Gleason Harbors,Suite 417,Port Leon,SD,GRL,83916,183-615-9494 x59550,2014,,,RO07,1997-10-08,IDURGAN,2017-10-27,,,,,,,,,,A,,Monahan,Kendra,J,,608662777,,,F,,,,,,,,,,
CK1035528,,,VETERAN,DDS,Ezequiel,D,Schmitt,481938855S,Dr.,A autem quia culpa expedita tenetur fugiat quidem.,,,333 Roberts Stravenue,,Jodieland,ID,ISR,21649,719-111-3638 x0035,8793,,372-076-6521,RO01,2011-01-19,CVON1,2017-07-20,,,,,Voluptatem animi et et et qui.,,,,,A,,,,,,,,1985-04-04,F,,,,,,,,,,
CK1036526,,,VETERAN,MD,Murray,G,Jenkins,332871157S,Mr.,,,,124 Bergnaum Mills,Suite 523,Elmoremouth,NJ,BLZ,16891-5445,682-296-2449,,(312) 976-0503,(693) 593-5956,RO16,2011-01-22,IDURGAN,2017-09-13,,,,,,,,,,A,,,,,,,,,M,,,,,,,,,,
CK1036639,,,VETERAN,PhD,Schuyler,M,Wintheiser,865968170S,Miss,,,,6888 Bret Alley,,Heidenreichstad,PA,GTM,74463-7782,952-969-4744 x547,8510,,1-623-989-5630,RO17,2011-01-24,CVON1,2017-10-16,,,,,,,,,,A,,,,,,,,1972-04-08,F,,,,,,,,,,
CK1037809,,,VETERAN,Sr.,Jaquan,X,Okuneva,763871943S,Miss,,Provident totam blanditiis perferendis doloribus eveniet non impedit magni.,,2373 Yundt Avenue,,Murphyshire,OR,VGB,57000-6378,469-091-4484,,,(415) 551-6642 x1572,RO16,2011-01-27,CVON1,2017-07-25,,,,,,,,,,A,,,,,,542894131,,1973-11-30,F,,,,,,,,,,
CK1037922,,,VETERAN,DDS,Cecilia,X,Ward,823082193S,Miss,,,,79207 Winnifred Shoal,Suite 634,East Erling,CT,ESP,60757,(895) 692-8222,,580-287-4823 x815,1-698-413-2221 x36558,RO62,2011-01-27,ETORP,2017-10-13,,,,,Illo ut sit sit.,,,,,A,,,,,,,,,F,,,,,,,,,,
CK1037973,,,VETERAN,DVM,Boris,K,Harber,910055395S,Mr.,Voluptatum voluptas sunt sed ipsum et nisi sit.,,,114 Gorczany Landing,,Hildegardton,MS,COM,15198,(241) 303-0153 x014,4064,134-720-6874 x5778,791.956.7604 x376,RO48,2011-01-27,BHOWE,2017-09-25,,,,,,,,,,A,,,,,,191013474,,1970-02-05,F,,,,,,,,,,
CK1039886,,,CHILD,Jr.,Tyrique,V,Gulgowski,673843319S,Mr.,,,,441 Colin Burg,Apt. 612,North Reannaberg,MN,FRA,30654-5308,1-390-928-2066 x8668,7222,1-885-521-4745,(433) 681-5920,RO82,2011-02-03,RFLATLEY,2017-10-18,,,,,Omnis dolor ea aut.,,,,,A,,Windler,Wilhelm,Y,,,,1978-03-31,F,,,,,,,,,,
CK1040404,,,VETERAN,V,Jabari,K,Wunsch,169457166S,Miss,,,,944 Damon Trafficway,Apt. 718,North Damion,MD,NFK,24322-0848,821.574.6110,8810,847-235-9533 x801,314.958.8660 x6848,RO17,2011-02-07,RO17,2017-10-25,,,,,,,,,,A,,,,,,,,,M,,,,,,,,,,
CK1040560,,,VETERAN,III,Pamela,I,Cormier,103500793S,Mr.,Sed laborum aut aliquid impedit nulla enim eum.,Mollitia et dolore quam ut velit architecto ipsa.,,2707 Gleason Locks,,Leslieberg,FL,BIH,81805-7228,856.462.5340,,,1-681-618-6292 x63786,RO48,2011-02-07,QGORCZANY,2017-07-06,,,,,,,,,,A,,,,,,,,,F,,,,,,,,,,
CK1045431,,,VETERAN,Sr.,Thad,R,Lemke,954438661S,Ms.,Incidunt autem ipsa architecto doloremque iusto voluptas eos quia.,Ea dolores occaecati quos nostrum.,,73603 Tillman Inlet,Apt. 452,Buddytown,CO,TON,37870-4075,658-822-0102,,,(848) 086-2946 x638,RO16,2011-03-01,RO16,2017-11-02,,,,,,,,,,A,,,,,,289678477,,,F,,,,,,,,,,
CK1058046,,,VETERAN,II,Delores,J,Streich,556100875S,Dr.,Animi sit dolore et quas rerum impedit tempora debitis.,,,46139 Lind Rapids,,South Desmondfort,AR,PAK,90814-4118,372-638-3306 x846,,323.389.8885 x13189,1-186-710-6599,RO16,2011-04-22,KBOGAN1,2017-10-23,,,,,Facilis ipsum incidunt placeat et est voluptatem voluptatibus dolorum.,,,,,A,,,,,,907970814,,,F,,,,,,,,,,
CK1064765,,,VETERAN,PhD,Enrico,W,Durgan,835300352S,Mrs.,Vero dolore rerum architecto ut iure corporis asperiores.,Eum totam et et voluptatum qui voluptas itaque.,,397 Maggio Mission,,Reynoldsstad,TN,QAT,15722,1-671-587-4615 x55229,1430,,,RO01,2011-05-23,FKRIS,2017-10-26,,,,,,,,,,A,,,,,,973995311,,,F,,,,,,,,,,
CK1065559,,,VETERAN,I,Jayden,Y,Prohaska,312499201S,Mr.,,,,1361 Eusebio Creek,Suite 989,Kozeyshire,WI,KOR,29579,1-765-651-7468 x786,1109,,,RO39,2011-05-26,RO39,2017-10-26,,,,,Et omnis facilis et accusamus praesentium perspiciatis.,,,,,A,,,,,,,,,M,,,,,,,,,,
CK1100530,,,VETERAN,III,Enola,R,Rogahn,360776372S,Mrs.,,,,109 Ottilie Harbor,,North Chris,MA,COK,82163-6086,(584) 354-3853 x430,,955.017.6590,373.035.8817,RO22,2011-11-02,FFRAMI,2017-05-30,,,,,,,,,,A,,,,,,953244226,,1960-07-06,F,,,,,,,,,,
CK1109434,,,VETERAN,Sr.,Norwood,Y,Greenholt,998846224S,Mr.,,Rem nisi vel id.,,168 Moen Circles,,Cruickshankport,HI,MEX,99320-0081,240.609.0257,2848,,,RO07,2011-12-16,VRMUSER,2017-10-23,,,,,Id nulla est incidunt fugiat.,,,,,A,,,,,,,,,F,,,,,,,,,,
CK1111639,,,VETERAN,II,Rubye,I,Hessel,245423517S,Dr.,Quidem ducimus fugiat sit veritatis hic dignissimos.,,,917 Cremin Pines,,East Cathyfort,MO,ALB,58343-9481,(856) 978-5561,7141,,458-420-6296,RO09,2011-12-30,RO09,2017-11-02,,,,,Et mollitia qui deserunt asperiores.,,,,,A,,,,,,,,,F,,,,,,,,,,
CK1112548,,,VETERAN,DDS,Talon,A,Murphy,292609021S,Ms.,,,,2889 Rohan Court,Suite 178,North Oral,VA,UMI,44626,237-067-3092 x8907,,626-301-8890 x159,997.328.9651,RO15,2012-01-05,RO15,2017-12-04,,,,,Aut quae rerum harum numquam voluptatem eos delectus.,,,,,A,,,,,,569166486,,1960-04-12,M,,,,,,,,,,
CK1118884,,,VETERAN,DDS,Jay,Q,Lemke,227914245S,Dr.,,,,368 Lehner Ports,,North Keltonfort,PA,ALB,76961,415-076-9050 x0953,5175,,,RO39,2012-02-06,KBERGNAUM,2017-10-04,,,,,Esse possimus quibusdam omnis inventore nemo minima sed ea.,,,,,A,,,,,,,,,F,,,,,,,,,,
CK1119783,,,VETERAN,Jr.,Ewald,D,Buckridge,114348674S,Miss,,Quidem quo ipsum laboriosam quis.,,9307 Oberbrunner Place,Apt. 627,Jannieshire,SD,REU,34723,326-240-0699,,,1-635-324-5998,RO14,2012-02-09,CVON1,2017-07-06,,,,,Sunt voluptate aut culpa sed minima architecto.,,,,,A,,,,,,,,1962-09-28,M,,,,,,,,,,
CK1126150,,,OTHER,III,Robyn,T,Pollich,935353199S,Mrs.,Voluptatem quis id aut molestiae.,,,9611 Pacocha Camp,,Jacklynside,ND,MTQ,72199,(296) 585-6534,,1-437-020-0411 x6321,,RO81,2012-03-13,RO19,2016-08-03,,,,,Dolore earum explicabo debitis aut numquam culpa et quia.,,,,,A,,Weissnat,Devonte,H,,,,,M,,,,,,,,,,
CK1126796,,,VETERAN,Sr.,Wade,A,McKenzie,536138048S,Ms.,Nam ab dolore pariatur cum sit.,Sit dolorum et alias aut omnis itaque et.,,3783 Elmira Forge,,South Giuseppeberg,MS,GUF,46964-1617,713.833.5086 x771,,(115) 468-0391 x64913,1-998-676-7537 x644,RO17,2012-03-15,AHOPPE,2017-08-30,,,,,,,,,,A,,,,,,,,1964-02-18,F,,,,,,,,,,
CK1126950,,,VETERAN,II,Frederique,O,Glover,565542353S,Dr.,Sed ut perferendis numquam.,Magnam quis fugiat velit facilis.,,255 Rolfson Flats,,Cassinfort,CA,NCL,10735,642-822-4015 x863,8545,358.969.6436 x7403,(289) 421-9948 x7078,RO55,2012-03-15,CVON1,2017-10-31,,,,,,,,,,A,,,,,,,,,M,,,,,,,,,,
CK1128205,,,VETERAN,Jr.,Muriel,P,Raynor,487186752S,Dr.,Ad ea consequatur labore.,Minus consequuntur magni ut quod.,,7550 Ena Trail,,Betsyborough,UT,BRB,39661,(754) 694-7089 x7173,8394,1-290-767-1529 x35685,1-556-663-2339 x68606,RO16,2012-03-21,CVON1,2017-09-13,,,,,,,,,,A,,,,,,111240693,,1980-12-24,M,,,,,,,,,,
CK1136331,,,VETERAN,Jr.,Delbert,X,Howell,497956669S,Ms.,,Dolore eius id omnis qui iusto dolorem.,,818 Holly Alley,,East Rocky,CA,ECU,62406-3590,464.122.5339 x55562,,(372) 861-1859 x3124,(480) 461-8690,RO45,2012-04-25,CVON1,2017-02-23,,,,,Repudiandae nihil et ut rerum ad velit.,,,,,A,,,,,,521651249,,1985-04-28,F,,,,,,,,,,
CK113872,,,VETERAN,I,Carlie,F,Roob,863309522S,Dr.,,,,52031 Walter Wall,Apt. 465,East Ines,NJ,GAB,99884,264.412.2980 x1217,5173,795-797-1443 x6538,,RO01,1998-03-16,VRMUSER,2017-12-08,,,,,,,,,,A,,,Damon,F,,167177835,,1965-01-18,M,,,,,,,,,,
CK1146726,,,VETERAN,Jr.,Horacio,Z,Cole,154098360S,Dr.,,,,6032 Ariane Plains,Suite 950,Waelchiberg,MD,DOM,22638,371-050-5109 x44581,,(506) 844-0343 x6171,,RO84,2012-06-13,VRMUSER,2015-12-16,,,,,Sint numquam et sed dignissimos non.,,,,,A,,,,,,,,1970-09-16,F,,,,,,,,,,
CK1147500,,,VETERAN,PhD,Mallory,F,Dicki,705803636S,Mrs.,,Vel asperiores explicabo quaerat dolorem ipsa.,,5405 Mortimer Plain,,Jerdeberg,HI,TON,85486,1-913-651-5116 x302,,942-509-8295 x4274,976-304-3797,RO45,2012-06-15,RO45,2017-11-01,,,,,,,,,,A,,,,,,,,,M,,,,,,,,,,
CK1149740,,,VETERAN,PhD,Brock,Z,Hickle,596169336S,Mrs.,Est qui distinctio praesentium dignissimos ut esse.,,,2609 Bette Vista,,North Madisonchester,WI,BLZ,37190-0103,1-542-404-7715,,1-202-301-6830 x20231,880-622-0456,RO43,2012-06-27,DSWIFT1,2017-11-01,,,,,,,,,,A,,,,,,,,1976-06-05,M,,,,,,,,,,
CK1151970,,,VETERAN,PhD,Rodrigo,W,O'Kon,298036839S,Mrs.,Et tenetur velit necessitatibus.,,,90276 Hudson Hills,Apt. 408,Feilfurt,CT,NFK,88089-7700,863.794.2270 x891,,,,RO18,2012-07-10,FFRAMI,2017-09-26,,,,,,,,,,A,,,,,,,,,F,,,,,,,,,,
CK1153037,,,VETERAN,MD,Roy,M,Dickinson,348259469S,Dr.,Tenetur fuga et aspernatur ducimus voluptas unde.,,,96696 Russel Junction,,North Jeannefort,OK,TGO,37084,1-802-339-8386 x784,,,,RO25,2012-07-16,CVON1,2017-11-27,,,,,Dolor voluptas at molestias et amet.,,,,,A,,,,,,,,1967-02-12,M,,,,,,,,,,
CK1155066,,,VETERAN,DVM,Willa,H,Hagenes,587092013S,Ms.,Consequatur vel quis odit perspiciatis voluptatem recusandae rerum nulla.,Facilis perspiciatis illum ea aliquam perferendis sed tenetur et.,,831 Klocko Passage,,West Minaside,MS,POL,21490,183.204.4404 x56571,2556,1-602-999-3935,1-224-520-0789 x96203,RO17,2012-07-25,RO17,2016-03-03,,,,,Assumenda eius similique saepe illum necessitatibus.,,,,,A,,,,,,,,,M,,,,,,,,,,
CK1155853,,,VETERAN,PhD,Joshuah,S,Watsica,931833349S,Mrs.,Assumenda suscipit et maiores eaque quibusdam porro temporibus.,Autem odit nesciunt at et laborum dolor iusto.,,1738 Lukas Mountains,Apt. 382,Ryanbury,MI,FIN,54258,1-854-742-0425,,,(587) 820-6957 x411,RO48,2012-07-30,RO48,2016-05-25,,,,,,,,,,A,,,,,,181545896,,1981-06-06,F,,,,,,,,,,
CK1156616,,,VETERAN,MD,Norbert,S,Kassulke,843430163S,Ms.,,Voluptas fuga dicta ut temporibus autem asperiores porro suscipit.,,15748 Wolf Ranch,,West Adolfoville,NE,IRL,86466-1811,(789) 733-3760,,(106) 229-2004 x0550,421-015-2518,RO20,2012-08-01,KBOGAN1,2017-08-11,,,,,,,,,,A,,,,,,239217806,,,M,,,,,,,,,,
CK1159413,,,VETERAN,PhD,Kaden,X,Koelpin,206691964S,Ms.,Adipisci sit voluptas molestiae repellat.,Et ut in quia iure eos magnam ea.,,950 Jast Radial,,Fletcherfort,OR,SLE,86130,508-659-4243 x8735,2232,,(415) 489-1425,RO23,2012-08-15,RFLATLEY,2017-05-17,,,,,Neque fugit in ut.,,,,,A,,,,,,,,,F,,,,,,,,,,
CK1160360,,,VETERAN,DDS,Krystal,M,Fadel,878225871S,Ms.,Nulla harum magni provident.,Omnis enim dignissimos perferendis.,,114 Enola Crossroad,Suite 696,Alejandrinborough,WA,SOM,72292-1933,936-581-5347 x31007,3008,,,RO27,2012-08-20,RO19,2017-11-30,,,,,,,,,,A,,,,,,,,1983-04-29,M,,,,,,,,,,
CK1161031,,,VETERAN,II,Lonie,S,Dicki,413883157S,Mr.,Expedita accusantium et ut provident perspiciatis hic quia ut.,Amet deserunt in voluptates et non.,,13191 Crona Flats,Apt. 221,Bransonberg,WI,COG,76579,686-077-0520,9397,,515-058-0800 x539,RO19,2012-08-22,RO19,2017-12-04,,,,,Nulla omnis aut qui et laudantium.,,,,,A,,,,,,616988072,,,M,,,,,,,,,,
CK1169079,,,VETERAN,IV,Olen,Q,Roberts,748928623S,Mrs.,Rem vel officiis aspernatur.,Voluptatem minima qui accusamus.,,646 Doyle Flat,Apt. 206,New Lee,MD,PRK,60111,901.855.5948 x1162,,,395.006.8874 x04648,RO18,2012-09-28,RO18,2015-12-19,,,,,,,,,,A,,,,,,,,1960-04-30,F,,,,,,,,,,
CK1175203,,,VETERAN,II,Felicia,D,Abshire,938547749S,Mr.,,,,773 Bergstrom Plains,,Lewstad,IN,JEY,11258-7308,(871) 473-8870 x9504,8713,1-539-512-6057 x57047,977-884-3053 x62163,RO62,2012-10-26,MLEMKE,2017-10-26,,,,,,,,,,A,,,,,,,,1981-09-29,M,,,,,,,,,,
CK1196324,,,VETERAN,I,Mustafa,S,Emard,362546887S,Mrs.,Voluptates ratione maiores ea voluptate ipsam eius quia.,,,20855 Schuster Park,Apt. 519,Danikaport,GA,MOZ,64981,1-757-339-2199 x97699,,,(927) 274-4733 x541,RO20,2013-02-19,RO19,2017-12-05,,,,,,,,,,A,,,,,,541483747,,,F,,,,,,,,,,
CK1203179,,,VETERAN,IV,Allen,Y,Mueller,822912607S,Ms.,Repellat aut dolorum voluptatibus.,,,265 Fausto Meadow,Suite 137,Bergnaumstad,MI,KOR,69976-9474,487.680.7909,,457.442.7904,,RO45,2013-03-20,DSWIFT1,2017-01-31,,,,,,,,,,A,,,,,,,,1965-03-16,F,,,,,,,,,,
CK1203228,,,VETERAN,III,Deon,O,Trantow,371607607S,Ms.,,Earum saepe iste eligendi nesciunt ad sed ut veniam.,,654 Eryn Curve,Suite 583,West Braxtonborough,NC,SUR,29081-4955,(102) 900-2981 x5712,7551,937.742.4649,,RO55,2013-03-21,FFRAMI,2017-08-28,,,,,Architecto voluptatem dolorem eligendi nisi.,,,,,A,,,,,,,,,M,,,,,,,,,,
CK121382,,,VETERAN,IV,Royal,G,Bechtelar,170867516S,Mrs.,Voluptatum voluptas et debitis.,,,24569 Magdalena Manor,,Trantowmouth,WI,NPL,62563,370-801-9125 x2175,,,1-212-433-0771 x977,RO19,1998-07-02,RO19,2017-12-05,,,,,,,,,,A,,,,L,,525026975,,,F,,,,,,,,,,
CK1214227,,,VETERAN,DVM,Nadia,E,Bergstrom,492849156S,Mr.,Vitae eligendi debitis eum voluptas.,Hic unde dolore voluptatem beatae.,,25995 Hester Shores,Suite 711,East Sim,AR,SOM,79607-4354,369-451-0537,3598,(120) 208-7038,(635) 343-3184,RO31,2013-05-10,KBERGNAUM,2017-10-24,,,,,,,,,,A,,,,,,,,,M,,,,,,,,,,
CK1222085,,,VETERAN,II,Keon,C,Koepp,838239197S,Dr.,,Soluta facilis natus quas error.,,4693 Waters Curve,Apt. 639,Jayceetown,NC,PNG,55058-2603,1-997-838-3162 x743,,,,RO18,2013-06-14,RO18,2017-06-01,,,,,,,,,,A,,,,,,,,,M,,,,,,,,,,
CK1222811,,,VETERAN,II,Syble,Y,Kerluke,285913570S,Mr.,Voluptas porro reiciendis quia magni ipsam odit.,,,284 Christine Unions,Suite 268,Clementineshire,TX,HKG,74076,(886) 038-7966 x269,6026,1-562-618-6491 x3536,881-668-8091 x6970,RO19,2013-06-19,RO19,2017-11-30,,,,,Nulla ut temporibus enim fuga recusandae suscipit sit.,,,,,A,,,,,,471713871,,1978-06-02,M,,,,,,,,,,
CK1224920,,,VETERAN,Sr.,Jacinto,A,Erdman,560037949S,Ms.,Aliquid reprehenderit dicta illum maiores quis omnis et.,Debitis occaecati ad nesciunt ab et consequuntur dolor est.,,227 Langosh Common,,Lake Ziontown,AL,BRB,47564,(365) 815-2553 x751,,1-587-142-3660 x2533,(785) 119-9205 x86294,RO17,2013-06-27,VRMUSER,2017-09-15,,,,,,,,,,A,,,,,,,,1980-02-18,F,,,,,,,,,,
CK1226761,,,VETERAN,Jr.,Preston,E,Ward,460618728S,Miss,Odio dolor ea quis sit sed ullam.,Nobis officiis autem sed.,,921 Koepp Course,Apt. 429,Gavinville,RI,GRC,16801,(488) 620-9529 x48136,,767.793.7034 x73179,1-986-793-6781,RO62,2013-07-05,RO62,2017-11-22,,,,,Sit incidunt maiores laborum ea voluptatibus nisi beatae.,,,,,A,,,,,,604412045,,,F,,,,,,,,,,
CK1239834,,,VETERAN,Jr.,Manuela,T,Johnson,367366850S,Miss,,,,101 Lueilwitz Walks,Apt. 545,Port Jordimouth,AK,BES,95584,449-652-3211 x9422,3816,,,RO19,2013-08-26,RO19,2017-12-05,,,,,,,,,,A,,,,,,465305262,,1967-05-10,M,,,,,,,,,,
CK1259420,,,VETERAN,II,Bettye,K,Bergstrom,516001191S,Ms.,,,,76260 Macejkovic Loop,Apt. 731,Elizashire,GA,CUW,99662-8802,764-009-6591 x81674,3802,728-038-0659 x2060,832-375-6214,RO48,2013-11-04,RO48,2015-07-23,,,,,,,,,,A,,,,,,,,1978-11-18,F,,,,,,,,,,
CK1263859,,,VETERAN,II,Roberto,W,Bartoletti,836230110S,Mrs.,Enim omnis quia eos nostrum distinctio ut dolore laborum.,Aut modi id recusandae illo harum.,,7514 Maxine Mountain,,Simonisborough,MA,BFA,39747,1-194-515-0012 x8265,,,,RO19,2013-11-21,RO19,2017-11-17,,,,,Consequatur voluptatem deserunt sed vel dolores nam.,,,,,A,,,,,,,,,F,,,,,,,,,,
CK1264459,,,VETERAN,Jr.,Edgardo,S,Murray,357989977S,Mr.,Est voluptatem et error quia.,Aperiam rerum a dicta voluptatibus saepe ut fugiat odio.,,109 Bartell Square,,Lake Katherynbury,NE,PER,78718-1811,1-228-688-6026,,770.571.1539 x94635,,RO43,2013-11-22,CVON1,2017-11-02,,,,,,,,,,A,,,,,,,,,M,,,,,,,,,,
CK1265396,,,VETERAN,Sr.,Mabelle,C,Klocko,387105714S,Dr.,Quibusdam autem eos tenetur aliquam natus ipsum et.,Reiciendis maxime sit totam facilis architecto ut voluptatem.,,6658 Reinger Expressway,Apt. 571,Leschshire,CA,COL,37192,1-770-220-9680 x92267,9051,,1-614-917-6076 x43499,RO17,2013-11-27,DSWIFT1,2017-09-07,,,,,,,,,,A,,,,,,,,1977-07-31,F,,,,,,,,,,
CK1269199,,,VETERAN,PhD,Brannon,L,Nolan,159296301S,Ms.,,,,76498 Zieme Gardens,,Blandaview,IL,GUF,12302-7583,968.859.6094 x7863,,,,RO19,2013-12-16,KBERGNAUM,2017-09-11,,,,,Mollitia ducimus recusandae aut.,,,,,A,,,,,,901850566,,,M,,,,,,,,,,
CK1271918,,,VETERAN,MD,Delbert,S,Collins,974891974S,Miss,Sapiente dolorem error numquam.,Et est hic nemo suscipit dolor.,,66565 Tara Groves,,Strackemouth,OR,KWT,53032,(885) 986-2467 x29343,,858.120.3274 x206,,RO29,2013-12-28,DSWIFT1,2017-10-17,,,,,Possimus omnis suscipit aperiam repudiandae deleniti dicta explicabo fugit.,,,,,A,,,,,,,,,M,,,,,,,,,,
CK1272236,,,VETERAN,Jr.,Clotilde,W,Kuhn,970604818S,Dr.,Deserunt non vel modi hic vel excepturi.,Aspernatur maiores optio totam architecto reprehenderit et velit fugit.,,76725 Deckow Trail,,Shyanneview,WA,LTU,56761,1-535-702-8439 x3138,8045,,,RO62,2013-12-30,CVON1,2017-05-23,,,,,Voluptatem aut accusamus libero nihil blanditiis.,,,,,A,,,,,,903581608,,,M,,,,,,,,,,
CK1272696,,,VETERAN,PhD,Abdiel,S,Deckow,474172539S,Mrs.,,,,592 Huel Wells,,West Bethanyberg,HI,LAO,49445-7880,(263) 032-1037 x5947,0946,1-269-150-3040,,RO19,2014-01-02,RO19,2015-12-22,,,,,,,,,,A,,,,,,,,1969-08-23,M,,,,,,,,,,
CK1272998,,,VETERAN,Jr.,Rachelle,L,Gutkowski,935107645S,Ms.,Fugiat excepturi voluptate quo voluptatum.,,,98589 Dare Circle,Suite 481,Ondrickaville,GA,SLE,15258-4089,1-412-106-2019,8290,1-756-917-6111,544.678.0516 x539,RO48,2014-01-03,KBERGNAUM,2017-09-06,,,,,Consequuntur nam vero inventore quod et ducimus error.,,,,,A,,,,,,824412231,,1978-12-23,F,,,,,,,,,,
CK1273993,,,VETERAN,III,Dana,A,Krajcik,932688918S,Dr.,Accusamus possimus quaerat provident amet aspernatur molestiae quisquam pariatur.,,,6104 Anastasia Center,,East Kenyatta,AL,LSO,26948-2762,703-546-1195,,,903.122.0228,RO62,2014-01-09,KBERGNAUM,2017-11-13,,,,,Sit mollitia architecto impedit blanditiis ipsa.,,,,,A,,,,,,,,,M,,,,,,,,,,
CK1274386,,,WIDOW,PhD,Althea,P,Tremblay,332782805S,Mrs.,Deleniti rem rerum et nisi illo officia.,Quam impedit ut dicta ex.,,3210 Kuhlman Mountain,,West Tiffany,VT,PSE,47608,647-696-5445 x73641,,,,RO83,2014-01-10,CFERRY1,2017-08-16,,,,,Soluta ratione eligendi eum.,,,,,A,,Gibson,Aditya,P,,,,,F,,,,,,,,,,
CK1274911,,,VETERAN,I,Jonathan,B,Harris,212500370S,Mrs.,,,,86093 Medhurst Port,Suite 936,Marysehaven,KY,CYM,82435-9666,323-129-0532 x956,,,,RO48,2014-01-13,KBERGNAUM,2017-09-12,,,,,Est corrupti quaerat architecto voluptas a debitis maiores.,,,,,A,,,,,,,,,M,,,,,,,,,,
CK1276438,,,VETERAN,DVM,Hermina,F,Robel,715185743S,Ms.,Placeat nisi facere quis minus rerum.,Aspernatur ullam incidunt illum quo eos vitae ducimus quia.,,82638 Marjory Knolls,,East Kaylieside,CO,LUX,11897,504-525-3902,,,1-743-069-6006 x118,RO31,2014-01-18,ACONNELLY1,2017-10-11,,,,,Deserunt eos et magnam quidem.,,,,,A,,,,,,,,,F,,,,,,,,,,
CK1277417,,,VETERAN,III,Ollie,M,Zboncak,752338740S,Ms.,,,,9620 Keeling View,Apt. 338,Port Giovanna,SD,NGA,74320-3146,1-236-303-2991,4978,615-202-6844 x23747,,RO25,2014-01-23,CVON1,2017-11-22,,,,,,,,,,A,,,,,,,,1969-02-23,F,,,,,,,,,,
CK1277525,,,VETERAN,I,Brendon,N,Jacobs,938036675S,Ms.,,,,28449 Enola Center,Suite 977,Alvahport,SC,SDN,44949-8718,1-682-900-6391 x89742,,460.802.6130 x275,,RO18,2014-01-23,RO18,2016-09-20,,,,,,,,,,A,,,,,,597664904,,1983-01-17,M,,,,,,,,,,
CK1277995,,,VETERAN,MD,Nyasia,A,Kautzer,480720187S,Dr.,Accusantium asperiores voluptatem consequatur et deleniti exercitationem qui.,,,79734 Dach Orchard,,Francescaview,MS,CRI,75653,565.538.1088 x0487,,(125) 670-5899,338.926.2225,RO17,2014-01-25,RO17,2017-03-14,,,,,,,,,,A,,,,,,,,,M,,,,,,,,,,
CK1280081,,,VETERAN,V,Jamil,N,McLaughlin,204908124S,Miss,Fugiat autem rem suscipit cum occaecati.,,,7164 Frami Key,Suite 499,New Alayna,NV,MHL,24692,1-950-462-2579,6539,1-927-592-9468 x9456,(675) 498-9083 x01204,RO13,2014-02-01,ACONNELLY1,2017-12-07,,,,,,,,,,A,,,,,,452438568,,,M,,,,,,,,,,
CK1280117,,,VETERAN,Sr.,Ressie,J,Ondricka,814039880S,Dr.,Sequi et consequatur laboriosam perferendis sapiente.,Provident nobis cum dignissimos quasi sunt.,,1721 Gino Bypass,Apt. 805,Lake Gerhardtown,NY,NIC,59319,399.724.4102,,(380) 021-6762 x56870,1-920-663-3608 x809,RO17,2014-02-01,ARICE1,2017-08-25,,,,,,,,,,A,,,,,,788692504,,1964-03-18,M,,,,,,,,,,
CK1281722,,,VETERAN,Sr.,Taya,U,Hodkiewicz,566726361S,Miss,,Qui quo blanditiis ea quia.,,718 Gleason Spring,Suite 655,Maxville,MS,PNG,82432-4141,1-169-324-8703 x731,5914,,1-927-193-0975 x2388,RO48,2014-02-06,RO48,2016-10-25,,,,,Non quo est magni.,,,,,A,,,,,,,,1965-10-22,M,,,,,,,,,,
CK1282864,,,VETERAN,IV,Coy,P,Gleason,300182211S,Miss,Autem facere eligendi qui atque.,,,246 Micheal Shore,,Schowalterhaven,NE,EGY,73449-1167,118-875-2601,,,(100) 633-5386,RO19,2014-02-10,RO19,2017-08-11,,,,,,,,,,A,,,,,,514997975,,,M,,,,,,,,,,
CK1282908,,,VETERAN,V,Mathias,S,Fay,196859442S,Dr.,,Est ut nostrum perferendis autem illo quia velit labore.,,7328 Jakubowski Knoll,,Lake Imabury,AL,ISR,72875,(212) 314-1893,,833-446-5665 x365,,RO48,2014-02-10,RO48,2016-03-31,,,,,,,,,,A,,,,,,298083658,,,F,,,,,,,,,,
CK1284278,,,VETERAN,V,Grace,C,Reichert,837570572S,Dr.,,Et earum omnis hic.,,379 Hintz Ranch,Suite 736,O'Connellborough,ID,DZA,43804-9802,833.810.9001,0783,939.168.9671 x5806,1-438-152-3143 x729,RO19,2014-02-14,KBERGNAUM,2017-09-12,,,,,,,,,,A,,,,,,404943713,,,F,,,,,,,,,,
CK1286022,,,VETERAN,DDS,Dannie,R,Murray,120837340S,Mrs.,,Non ipsa fugit vero aliquid id.,,868 Hayes Heights,,Lake Patsy,CO,PAN,54068-0769,363.803.9387 x01832,,,,RO22,2014-02-20,RO22,2017-03-03,,,,,Sit ratione aut omnis eligendi doloribus ipsam sint.,,,,,A,,,,,,,,1969-09-29,F,,,,,,,,,,
CK1287696,,,VETERAN,Jr.,Hosea,C,Jacobson,630719002S,Miss,,Qui numquam eum aut.,,2090 Murray Island,Suite 571,South Anastasia,OR,TUV,36340,576-909-9458 x51005,5854,1-521-714-2309 x62406,,RO39,2014-02-25,RO39,2017-10-12,,,,,,,,,,A,,,,,,,,,M,,,,,,,,,,
CK1287865,,,VETERAN,DVM,Reagan,T,Bailey,653510588S,Mrs.,,,,5869 Walsh Ranch,,East Murraystad,MT,PAN,73167-4480,802.266.6755,,(280) 611-7028 x39868,322-318-9332 x3575,RO39,2014-02-26,RO39,2017-10-20,,,,,,,,,,A,,,,,,,,1987-02-03,F,,,,,,,,,,
CK1292575,,,VETERAN,IV,Duncan,A,Carroll,987388187S,Mr.,,In aut aliquam fugit quos.,,1699 Vern Club,Suite 660,Aronburgh,MA,ABW,31847-2576,964.604.5952,,,154.398.5068 x393,RO50,2014-03-11,RO50,2017-11-27,,,,,,,,,,A,,,,,,172169144,,1986-09-25,M,,,,,,,,,,
CK1296801,,,VETERAN,Jr.,Otis,K,Kling,580551226S,Ms.,,,,683 Rempel Pike,,Griffinport,GA,FSM,92579-3147,118.093.2204,,1-468-191-5863 x225,747-512-9010 x999,RO06,2014-03-26,RO06,2017-11-28,,,,,Sed minima illum voluptatem.,,,,,A,,,,,,646775282,,,M,,,,,,,,,,
CK1297327,,,VETERAN,DDS,Wilford,T,Kub,312996748S,Mrs.,Saepe quibusdam sequi minima tenetur aut corrupti.,Est unde ut mollitia minus tempora autem in placeat.,,811 Monserrate Knolls,Suite 314,Kennedyton,MS,POL,49446-1002,1-528-029-8413 x4983,4954,873.620.3432 x2125,(791) 254-1441,RO19,2014-03-28,IDURGAN,2017-10-27,,,,,,,,,,A,,,,,,,,1987-11-12,M,,,,,,,,,,
CK1298377,,,VETERAN,Sr.,Aditya,G,Predovic,201068959S,Mr.,,,,9723 Malvina Court,,Vancebury,ME,AZE,24235,368-636-9460,,152.405.3936 x72505,1-607-080-7415 x040,RO14,2014-04-01,CVON1,2017-05-24,,,,,,,,,,A,,,,,,,,1972-06-20,F,,,,,,,,,,
CK1303846,,,VETERAN,PhD,Mac,N,Pfeffer,578685457S,Miss,,Alias hic dicta rerum et saepe a dignissimos ducimus.,,620 Skylar Summit,,Lake Myrticestad,HI,SHN,53342-4159,889-248-0254 x85724,,1-613-048-2084 x10667,,RO01,2014-04-21,RO01,2017-06-07,,,,,Vero velit eos veritatis et et voluptates explicabo.,,,,,A,,,,,,,,1989-12-30,M,,,,,,,,,,
CK1304642,,,VETERAN,PhD,Demetrius,M,Kshlerin,537591666S,Ms.,Esse ratione numquam quibusdam nisi molestias vel voluptatum blanditiis.,Molestiae in ullam rem aliquam.,,1735 Hilario Extension,,Demondville,DE,CYP,96033,1-891-555-7475,,(631) 589-6669,,RO30,2014-04-23,CVON1,2017-11-15,,,,,Quo velit itaque similique mollitia aliquid quasi nesciunt qui.,,,,,A,,,,,,,,,M,,,,,,,,,,
CK1306826,,,VETERAN,Jr.,Jeanette,L,Raynor,604912840S,Miss,,Hic fugit consequatur qui beatae facere distinctio est.,,590 MacGyver Plaza,Suite 639,Rahsaanview,NE,SVK,58606,1-732-061-5046,8486,,,RO26,2014-05-01,DSWIFT1,2017-09-14,,,,,,,,,,A,,,,,,368071671,,,F,,,,,,,,,,
CK1311203,,,WIDOW,PhD,Laurie,N,Kling,860627959S,Miss,,,,543 Bud Street,,East Braeden,NC,TKL,41469,1-826-865-7496 x964,,307.111.5087 x93995,,RO43,2014-05-17,KBOGAN1,2017-03-20,,,,,Dolorem dolores ab possimus.,,,,,A,,Hane,Wilford,J,,,1981-07-14,1967-09-21,F,,,,,,,,,,
CK1315026,,,VETERAN,I,Gunner,M,Rohan,279882674S,Dr.,Et et est voluptate qui odio.,,,671 Lon Streets,Apt. 899,Port Verda,NY,NAM,14823-5625,858.651.7331 x770,9943,259-457-4513,,RO06,2014-06-02,RO06,2017-08-28,,,,,,,,,,A,,,,,,,,1988-12-11,M,,,,,,,,,,
CK1315250,,,VETERAN,II,Maryjane,H,MacGyver,583532109S,Ms.,,Neque ullam aut nihil deleniti.,,989 Bria Land,Apt. 982,Lake Clementshire,WY,TKL,86143,1-885-415-4748,,(491) 944-0952 x972,1-169-663-5896,RO35,2014-06-03,RO35,2016-07-11,,,,,,,,,,A,,,,,,,,1964-08-04,F,,,,,,,,,,
CK1318176,,,VETERAN,III,Emil,K,Wunsch,414994972S,Mrs.,,,,367 Alessandra Path,Apt. 311,Shanahanfurt,FL,PER,70062-8458,931-164-1330 x633,,,,RO17,2014-06-11,BHOWE,2017-10-23,,,,,Necessitatibus sed praesentium et sed iusto.,,,,,A,,,,,,898179439,,1986-09-23,M,,,,,,,,,,
CK1318302,,,VETERAN,MD,Percy,L,McDermott,878878033S,Mrs.,,Qui sed sint totam aspernatur sunt error.,,53673 Nader Lakes,Suite 164,Laurenceborough,KS,MMR,89346-8548,319-238-9832,,(259) 001-2855,869-597-1768 x73447,RO49,2014-06-12,ACONNELLY1,2017-08-25,,,,,Autem corrupti reiciendis aut.,,,,,A,,,,,,,,1981-03-24,M,,,,,,,,,,
CK1318678,,,VETERAN,DDS,Alaina,O,Harber,515288634S,Mrs.,Ut minus aut molestiae quae odio.,,,164 Feil Summit,,Lake Wiltonchester,IN,ATG,25983-0346,(598) 218-0252 x47771,,(148) 225-3138 x3291,487-909-9748,RO10,2014-06-12,DSWIFT1,2017-08-24,,,,,Sunt accusantium iusto quis autem accusamus.,,,,,A,,,,,,772880139,,1983-07-08,F,,,,,,,,,,
CK1319708,,,VETERAN,MD,Cullen,W,Farrell,395298776S,Ms.,,,,591 Guy Crossroad,,South Maribel,FL,GRD,53123-2801,383-800-5626 x819,2790,,(833) 297-7656 x93160,RO39,2014-06-16,TBOSCO,2016-08-06,,,,,Fugiat qui minima voluptatum dolor.,,,,,A,,,,,,318816096,,,F,,,,,,,,,,
CK1322635,,,VETERAN,Sr.,Chester,D,McGlynn,773049255S,Dr.,,In voluptatibus dolor recusandae sed.,,7065 Russell Fall,,Port Trinityfurt,MD,ALB,65574,204.993.7651 x49333,2775,,,RO43,2014-06-23,RO43,2017-05-06,,,,,Sit quaerat unde doloribus.,,,,,A,,,,,,,,,F,,,,,,,,,,
CK1327799,,,VETERAN,MD,Vance,B,Dickens,955752691S,Mr.,,,,427 Merle Lodge,,Lake Estefania,NJ,BLR,26917,1-216-643-8253,,,(972) 165-9667 x5892,RO22,2014-07-12,DSWIFT1,2017-09-13,,,,,,,,,,A,,,,,,714125705,,,F,,,,,,,,,,
CK1330232,,,VETERAN,Jr.,Vernon,I,Hudson,291068203S,Ms.,,Sunt non qui qui.,,771 Bernier Ports,,North Elisafort,CT,GIB,12231,898-583-5639 x018,,,1-870-068-2004 x00053,RO44,2014-07-22,KBERGNAUM,2017-08-31,,,,,Tenetur saepe blanditiis minus sed ut eum repellat.,,,,,A,,,,,,,,,F,,,,,,,,,,
CK1332118,,,VETERAN,MD,Jamey,P,Towne,492816558S,Mrs.,,,,833 Kovacek Port,,Jaskolskiside,WA,WLF,29374,588.205.7252,5211,1-344-132-1263 x955,,RO49,2014-07-30,KBERGNAUM,2017-10-16,,,,,,,,,,A,,,,,,109230687,,,M,,,,,,,,,,
CK1339105,,,VETERAN,Sr.,Norbert,Q,Ledner,916880622S,Miss,Ratione nihil fuga quis consectetur vitae inventore sit.,Deserunt ut esse exercitationem voluptatem.,,330 Jaskolski Corners,Apt. 134,Giovannifort,NE,BGD,14636-4109,1-118-619-0797 x125,5335,,,RO17,2014-08-26,RO17,2015-12-01,,,,,Quasi tempore possimus molestiae unde necessitatibus corrupti exercitationem.,,,,,A,,,,,,,,,M,,,,,,,,,,
CK1344079,,,VETERAN,PhD,Aurore,J,Rodriguez,978401927S,Ms.,,Necessitatibus officia maxime dolorem inventore autem consequatur.,,5385 Deckow Ports,Suite 263,Trystanside,MI,KHM,46955,(595) 033-6269,1097,1-754-776-5702,,RO48,2014-09-15,RO48,2017-06-02,,,,,,,,,,A,,,,,,,,,M,,,,,,,,,,
CK1350021,,,VETERAN,DDS,Onie,A,Von,470188021S,Dr.,,,,9378 Spencer Forge,Suite 874,Lake Deven,MN,HKG,39209-2911,(769) 777-3281,,,(829) 586-3288 x420,RO18,2014-10-03,DSWIFT1,2017-10-27,,,,,Exercitationem placeat laborum excepturi temporibus voluptatem sapiente aperiam.,,,,,A,,,,,,330239708,,1963-08-22,M,,,,,,,,,,
CK1353032,,,VETERAN,MD,Jadon,Z,Mante,230880415S,Dr.,Dolor reprehenderit aut est necessitatibus temporibus.,,,9916 Fredrick View,Apt. 949,South Emeliaburgh,ID,CZE,17542-1492,583.818.3374 x36443,,,,RO17,2014-10-15,KRAU,2017-08-24,,,,,,,,,,A,,,,,,,,,M,,,,,,,,,,
CK1360058,,,VETERAN,Jr.,Gerard,R,Hyatt,893266306S,Mrs.,Rerum nemo molestiae minima deserunt voluptas pariatur.,Voluptas aut et nihil.,,998 Kathlyn Springs,,Gradyfurt,ND,YEM,77427,472-814-0350 x9365,,,773.924.1417 x772,RO01,2014-11-12,DPROHASKA,2017-08-30,,,,,Dolor earum dolorem vel.,,,,,A,,,,,,875041734,,1964-12-06,M,,,,,,,,,,
CK1362122,,,VETERAN,DDS,Tatum,C,Schumm,783268468S,Dr.,,Voluptatem laboriosam minus fugiat.,,566 Hansen Mews,,Mertieville,SC,GEO,82630-3901,556-259-7321,,,,RO39,2014-11-19,KBERGNAUM,2017-10-04,,,,,Magnam iure necessitatibus qui est.,,,,,A,,,,,,144908957,,,F,,,,,,,,,,
CK1362140,,,VETERAN,V,Milford,Y,Kutch,664225484S,Dr.,Et qui est velit voluptatibus ea in error minima.,Alias odit ut quaerat minus.,,4031 Gleason Corners,Suite 512,Theodoraview,NY,REU,11696-5541,346.193.1767,,,,RO22,2014-11-19,KBERGNAUM,2017-12-07,,,,,,,,,,A,,,,,,821874713,,,M,,,,,,,,,,
CK1363117,,,VETERAN,MD,Viola,U,Kunze,182807826S,Mr.,,Quaerat amet soluta inventore.,,2658 Tatum Creek,Apt. 169,South Lonnie,WV,GRC,26291,746-331-4833 x5836,0403,,(568) 708-5275 x87023,RO19,2014-11-24,RO19,2016-12-01,,,,,,,,,,A,,,,,,,,1984-05-19,F,,,,,,,,,,
CK1367819,,,VETERAN,MD,Annie,L,Wilkinson,961577533S,Ms.,,,,71567 Lind Gardens,,Camilachester,OK,SAU,30945,312.450.6177,,1-223-145-1026 x473,1-499-858-7117 x16857,RO48,2014-12-11,KBERGNAUM,2017-11-13,,,,,,,,,,A,,,,,,,,,M,,,,,,,,,,
CK1368687,,,VETERAN,Sr.,Jayson,P,Beer,728448269S,Miss,Adipisci labore debitis consectetur quia.,,,75570 Kaitlyn Fords,,Kenyattaport,NV,SJM,89710,(192) 535-8423,,,,RO26,2014-12-15,RO26,2017-03-07,,,,,,,,,,A,,,,,,,,1964-09-23,M,,,,,,,,,,
CK1373845,,,VETERAN,II,Antonetta,M,Champlin,817340936S,Miss,,,,2796 Augusta Fords,Apt. 936,North Raegan,NE,LKA,29244,818.287.2884,,,1-331-837-0451 x81989,RO45,2015-01-07,IDURGAN,2017-10-31,,,,,,,,,,A,,,,,,,,1977-04-16,F,,,,,,,,,,
CK1377007,,,VETERAN,Jr.,Zoey,T,Bergnaum,412632024S,Ms.,Molestias minus inventore officia distinctio sunt.,Distinctio eveniet neque et.,,6716 Marlon Street,,Wilkinsonshire,SC,ASM,40112,(553) 351-1973 x15237,6427,552-247-8810 x6923,987.205.2874,RO48,2015-01-18,QGORCZANY,2017-11-21,,,,,Cumque error qui eaque pariatur labore aliquam impedit itaque.,,,,,A,,,,,,,,1982-09-27,F,,,,,,,,,,
CK1385608,,,VETERAN,PhD,Casandra,M,Dietrich,160565160S,Mrs.,,,,81310 Jacobson Points,Suite 402,North Aiyanaberg,ME,PLW,32714-0610,195-169-8558 x61947,,430.219.2695 x319,620.629.1638 x73355,RO51,2015-02-17,ACONNELLY1,2017-11-08,,,,,Aut deserunt quas magnam.,,,,,A,,,,,,,,1972-08-03,M,,,,,,,,,,
CK1386144,,,VETERAN,Jr.,Noah,S,Heaney,908236598S,Dr.,,Quia quae est asperiores repudiandae.,,55722 Daugherty Mission,Suite 370,Baileytown,MD,AND,66934,771-836-8699 x11070,,979-333-6743 x691,(163) 395-8384,RO18,2015-02-18,BHOWE,2017-08-18,,,,,Consequatur quam mollitia cumque officiis.,,,,,A,,,,,,,,1973-12-08,M,,,,,,,,,,
CK1397840,,,VETERAN,Sr.,Junior,L,Fritsch,290468864S,Mr.,,Minus laudantium consequuntur molestiae.,,506 Briana Locks,Apt. 132,Lake Tatemouth,WA,SWZ,94830,(181) 754-8147 x05107,3904,,(332) 545-7475,RO40,2015-03-30,ACONNELLY1,2017-07-25,,,,,Sed eum dolorem accusamus vero et.,,,,,A,,,,,,262239792,,1965-10-05,M,,,,,,,,,,
CK1516324,,,VETERAN,II,Oren,S,VonRueden,816819189S,Ms.,Nulla placeat deleniti eum sint omnis fuga qui temporibus.,Ut repellat cumque aut.,,890 Dach Street,,West Rodolfoside,MD,PRY,37403,(394) 829-7996 x09112,,(101) 687-7649 x29573,,RO46,2016-03-30,KBERGNAUM,2017-07-19,,,,,,,,,,A,,,,,,,,,F,,,,,,,,,,
CK156070,,,VETERAN,PhD,Carolina,C,Kunze,980364245S,Dr.,Exercitationem nesciunt odit et cumque commodi omnis consequatur.,,,83534 Marilie Loop,Suite 184,Schroedershire,KS,KIR,58951,1-729-934-5828 x7651,1935,,,ATSCONV,1999-05-28,DSWIFT1,2017-09-15,,,,,Aperiam explicabo repellat temporibus sit in sed blanditiis.,,,,,A,,Hyatt,Rosalee,,,,,,M,,,,,,,,,,
CK1566214,,,VETERAN,IV,Connor,C,Murphy,289132245S,Dr.,,Tenetur fuga omnis necessitatibus tempora accusamus qui ipsam.,,7627 Oma Views,,Adonismouth,NE,LBR,25860-6579,1-569-628-1789 x82524,6435,(187) 779-6710 x432,(966) 452-4728,RO45,2016-09-20,KBERGNAUM,2017-10-12,,,,,Et qui quasi rerum.,,,,,A,,,,,,598420443,,1980-03-30,M,,,,,,,,,,
CK157337,,,VETERAN,III,Kelley,Y,Schinner,262995710S,Dr.,Atque quas omnis velit nulla magni possimus cumque ex.,,,6910 Mertz Groves,,Lake Kylebury,WA,KHM,99858,963.296.9690 x35671,3023,,(230) 154-2309,ATSCONV,1999-05-28,AKUHN1,2017-04-27,,,,,Recusandae nobis et quod repellendus.,,,,,A,,Marquardt,Eldora,,,,,1978-03-17,F,,,,,,,,,,
CK168505,,,VETERAN,PhD,Jared,P,Maggio,753737700S,Miss,Soluta consequatur et amet necessitatibus expedita.,Nemo asperiores doloremque dolor harum exercitationem.,,9038 Pearl Shore,,Lindmouth,MI,MNP,82832,1-569-001-4462 x6692,2089,,,ATSCONV,1999-05-28,RO14,2017-05-24,,,,,,,,,,A,,Cruickshank,Estel,,,,,1981-08-20,M,,,,,,,,,,
CK175496,,,VETERAN,Sr.,Pearl,X,Muller,957475314S,Dr.,Et ea voluptas molestiae quia autem reiciendis dignissimos.,Magnam neque quam rerum accusamus voluptate ea.,,655 Grimes Shoal,Suite 547,Port Monroe,ID,ECU,58932-9793,625.929.4281 x49041,8031,(793) 960-9229,,RO43,1999-07-15,RO48,2015-05-18,,,,,Cupiditate aut error id in odit.,,,,,A,,,,T,,399392140,,1977-10-24,M,,,,,,,,,,
CK208448,,,WIDOW,PhD,Christy,E,Donnelly,704913542S,Mrs.,,Consequuntur eaque vel est magni id adipisci est voluptatum.,,1661 Keven Parks,,Kingberg,IA,CMR,85156,1-326-747-2815 x5766,9649,1-184-779-8607,,RO19,2000-03-24,RO19,2017-12-05,,,,,,,,,,A,,,Raymundo,F,,433561676,,1966-03-14,F,,,,,,,,,,
CK239748,,,VETERAN,Sr.,Madelynn,W,Macejkovic,656880481S,Ms.,Ratione numquam molestiae et laboriosam tempora earum.,,,984 Dean Manor,Apt. 410,Aidenfurt,KS,PSE,14662-4457,338.415.6245 x582,6843,707-681-0362 x9130,,RO17,2000-11-21,RO55,2017-09-15,,,,,,,,,,A,,Zboncak,Edison,L,,,,1969-03-09,M,,,,,,,,,,
CK240155,,,VETERAN,DDS,Delia,F,Orn,231021464S,Mr.,,,,78554 Mallie Wall,,Feestfort,DE,ALB,15298,1-931-563-3403 x532,,(817) 202-8039 x2448,(452) 212-3178 x4842,RO45,2000-11-27,RO45,2016-12-28,,,,,,,,,,A,,Lubowitz,Edward,X,,,,1987-02-01,F,,,,,,,,,,
CK257203,,,VETERAN,PhD,Merlin,V,Langworth,667947258S,Miss,Quis aperiam quibusdam error laboriosam cumque at.,Error deleniti maiores ipsam voluptatem.,,976 Jenkins Way,Suite 527,Lake Elouiseland,NC,AIA,24567-8346,125-910-9335,,,671.411.6408,RO22,2001-06-25,RFLATLEY,2017-03-07,,,,,Dolor omnis molestiae repellendus ducimus autem voluptatem consequatur.,,,,,A,,,Vernice,,,,,1984-05-31,F,,,,,,,,,,
CK270522,,,VETERAN,MD,Arvid,N,Keeling,260953777S,Mr.,,Est consequatur repellat quae omnis doloribus ad quasi.,,680 Delaney Shoal,,South Lawrencefurt,NH,NLD,84118-8420,1-518-444-6903,,1-722-770-9166 x17733,,RO48,2001-11-06,RO48,2016-07-26,,,,,Praesentium perferendis id nisi non in esse et.,,,,,A,,,,C,,107756223,,1980-05-18,M,,,,,,,,,,
CK285560,,,VETERAN,IV,Alayna,K,Bashirian,428535367S,Dr.,Molestiae est autem qui hic delectus.,Eum enim pariatur expedita consequatur quis neque omnis.,,8429 McLaughlin Shore,,Demondville,MI,BRN,30464,348-619-6177 x2166,,241-772-2335 x689,1-710-712-3663 x8801,RO07,2002-03-06,RO17,2017-08-09,,,,,,,,,,A,,,May,,,,,,M,,,,,,,,,,
CK286153,,,WIDOW,MD,Mya,I,Hegmann,876395396S,Mrs.,Nisi velit aut qui tempore modi error.,,,733 Immanuel Cliffs,Apt. 136,Euniceville,NJ,ZWE,21913,732.546.4600,,,,RO77,2002-03-08,RO77,2016-08-08,,,,,,,,,,A,,Spencer,,,,,1987-09-09,1980-05-14,M,,,,,,,,,,
CK299814,,,VETERAN,Sr.,Wilfred,H,Halvorson,266250705S,Miss,Rerum et minus quam omnis deserunt recusandae ipsa delectus.,Ut eos molestias ullam.,,881 Sporer Land,Apt. 103,Leonardostad,RI,ROU,56812,(101) 120-7370 x6357,0311,1-884-374-0024,1-596-104-1538 x1522,RO17,2002-05-22,EDICKENS,2017-09-27,,,,,Debitis aspernatur dolores vel ut.,,,,,A,,Schinner,,R,,,,1968-08-01,F,,,,,,,,,,
CK306306,,,VETERAN,DVM,Derick,B,Kassulke,435116706S,Dr.,,,,53016 Veum Shores,,New Cordie,OR,TJK,78938-5581,(987) 643-3151,,,805-636-8282,RO28,2002-06-26,CVON1,2017-02-23,,,,,Eum sed corporis dolorem autem ea nemo et.,,,,,A,,Becker,,,,,,1979-04-19,M,,,,,,,,,,
CK310772,,,VETERAN,II,Providenci,Z,Dare,695808287S,Miss,,Veritatis aliquid quidem eum.,,341 Kunze Bridge,Suite 291,North Kennethbury,MN,FLK,66812-2545,693.105.2370,1729,,1-759-376-1286,RO51,2002-07-19,RO51,2015-07-27,,,,,,,,,,A,,Cormier,,,,522874897,,,M,,,,,,,,,,
CK321293,,,CHILD,II,Cade,U,Effertz,467633030S,Ms.,,,,15235 Loyce Forks,,South Avisview,IA,BTN,70999,(499) 081-1530 x890,8625,,,RO19,2002-09-06,RO19,2017-09-15,,,,,,,,,,A,,,,A,,191039294,,1964-06-14,M,,,,,,,,,,
CK322476,,,VETERAN,IV,Evangeline,R,MacGyver,758036547S,Mr.,Quo harum officiis reiciendis accusantium quia ullam et aspernatur.,Sint enim inventore facilis sapiente commodi ut.,,79642 Casper Meadow,Suite 861,Kenyafort,MD,SYR,92914,318-413-8482 x25433,1230,,215-013-7084 x5604,RO62,2002-09-13,CCUMMERAT,2017-11-07,,,,,,,,,,A,,O'Conner,,Z,,273253216,,,F,,,,,,,,,,
CK323195,,,VETERAN,II,Anabelle,D,Bartoletti,957857054S,Ms.,Temporibus ut sit fugit doloribus rerum et voluptate.,Ut fugiat unde quidem quaerat quia.,,391 Sunny Stream,Suite 881,Alizafurt,NH,OMN,27747,496.207.9785,,,892-424-7190 x1177,RO17,2002-09-17,RO17,2017-12-06,,,,,,,,,,A,,,Woodrow,,,696864674,2017-05-13,1986-03-26,M,,,,,,,,,,
CK348483,,,VETERAN,Sr.,Lea,Q,Herman,115800470S,Dr.,Id veritatis in numquam voluptatum recusandae tempora eos debitis.,,,34464 Hammes Ville,Suite 623,Hellerland,AK,ETH,64130,258-592-3566 x3103,5054,1-696-017-8949 x2659,,RO10,2003-01-07,MBEAHAN,2014-10-02,,,,,Ipsum cupiditate id deserunt sit est vitae ullam.,,,,,A,,,,,,,,1972-08-16,F,,,,,,,,,,
CK404138,,,VETERAN,MD,Luz,U,Fahey,158458449S,Ms.,,Occaecati ratione nihil impedit dolore vel ut corrupti magni.,,96995 Mozell Island,Apt. 582,Isomshire,MA,GMB,18382-5493,(508) 577-7229 x9449,2218,,1-541-821-5665 x076,RO44,2003-08-13,RO44,2016-05-16,,,,,Assumenda odio et adipisci explicabo expedita repellat suscipit laudantium.,,,,,A,,,,B,,224296674,,1967-01-02,M,,,,,,,,,,
CK409203,,,VETERAN,V,Tracey,Z,Heller,190817765S,Mrs.,Rerum ut magni sit consequatur officiis quae libero.,,,246 Murazik Trace,,New Zulaberg,OH,HND,76289,854-429-7767,,,323.879.0212 x791,RO46,2003-09-04,SBEAHAN,2017-05-10,,,,,,,,,,A,,,Dagmar,,,,,1977-09-27,F,,,,,,,,,,
CK413522,,,VETERAN,I,Liana,Z,Lebsack,710003091S,Mrs.,Quia atque quidem debitis qui voluptatem.,,,19526 Neil Inlet,,West Earnestine,AZ,ESP,84666-8564,(963) 589-5733 x045,,340-309-0775 x5630,313.442.8229 x31639,RO17,2003-09-22,KBERGNAUM,2017-09-11,,,,,,,,,,A,,,Akeem,I,,,,,M,,,,,,,,,,
CK426265,,,VETERAN,III,Danyka,B,Kirlin,105617829S,Dr.,Et et autem qui dolorem iure harum id.,Inventore repellat quis distinctio nihil quaerat.,,49566 Tillman Alley,,Champlinbury,SD,MNE,42344,722-148-3407 x2937,7685,1-585-430-7725,(625) 513-5922 x127,RO17,2003-11-14,RO19,2017-10-10,,,,,,,,,,A,,Stoltenberg,Robin,I,,332722603,,1988-03-27,M,,,,,,,,,,
CK437899,,,VETERAN,PhD,Casey,V,Thompson,180915226S,Mr.,,,,496 Jennings Key,Apt. 931,West Brent,ME,MAR,98656,1-106-898-0612 x6037,,,,RO49,2004-01-09,KBERGNAUM,2017-06-12,,,,,,,,,,A,,,,I,,821893114,,,M,,,,,,,,,,
CK451183,,,VETERAN,II,Emilia,M,Roob,916138900S,Mr.,,,,515 Dooley Ways,,West Raymundotown,NM,TJK,78918-3354,652.007.2096,2351,888.763.6787 x56844,,RO45,2004-03-10,RO45,2017-07-19,,,,,,,,,,A,,Kohler,Chaz,C,,479237158,,1963-04-12,F,,,,,,,,,,
CK468447,,,VETERAN,DDS,Marquis,D,Kautzer,970787834S,Dr.,,,,9981 Blanche Motorway,Suite 696,Dibbertland,TN,NLD,68105,(913) 101-4615 x455,6796,,,RO18,2004-05-17,RO18,2017-11-09,,,,,Eum autem quia culpa dolor dolore.,,,,,A,,,,,,,,1981-02-12,M,,,,,,,,,,
CK487969,,,VETERAN,DDS,Amie,B,Moen,493612796S,Mr.,,,,5712 Buckridge Spring,Suite 118,Raufort,UT,JPN,98095,(892) 799-6847 x76376,6102,114-393-8195 x468,,RO06,2004-08-13,KBERGNAUM,2017-09-25,,,,,Consequuntur id repudiandae debitis quis perferendis ipsum non.,,,,,A,,,,K,,,,,F,,,,,,,,,,
CK532566,,,VETERAN,III,Mariah,X,Leuschke,795941591S,Mrs.,Nulla ducimus veritatis tempora error.,Labore earum quis vero inventore.,,369 Parker Track,,North Afton,ME,GEO,98248-9438,505-237-3976 x310,4341,,,RO45,2005-03-14,RO45,2017-10-27,,,,,Omnis nemo et illum quia eos distinctio sunt et.,,,,,A,,Haley,,,,842066684,,1982-12-24,M,,,,,,,,,,
CK563177,,,VETERAN,V,Bernadine,U,Vandervort,739849701S,Mr.,,,,44067 Lindgren Orchard,Apt. 694,New Anahi,PA,JAM,13173,611-813-5511 x791,,489.353.1587 x859,,RO46,2005-07-28,RO46,2017-02-06,,,,,,,,,,A,,,,,,926692643,,,F,,,,,,,,,,
CK589358,,,VETERAN,I,Calista,P,Lakin,548091031S,Dr.,Magnam eos autem consequatur rerum aut illum voluptatum eaque.,,,89743 Eileen Turnpike,Apt. 408,Goldnerborough,NH,PAN,31984,582-082-6448 x35367,,(667) 569-6016 x68849,976-621-3371 x919,RO17,2005-12-06,RO17,2016-08-25,,,,,Magnam perferendis dolores ut rerum iure beatae aperiam sint.,,,,,A,,Boyer,Roberta,,,,,1961-03-15,F,,,,,,,,,,
CK591149,,,VETERAN,IV,Deborah,W,Parker,616584433S,Miss,,Et veritatis animi est nesciunt ut est eos occaecati.,,218 Kristy Camp,,South Clare,OR,SEN,14193,1-975-685-4903,,,206.603.6250 x51796,RO55,2005-12-15,RO55,2017-09-11,,,,,Praesentium et est ullam et facere consequatur perspiciatis.,,,,,A,,Botsford,,R,,694835780,,,M,,,,,,,,,,
CK601214,,,VETERAN,V,Oda,G,Yost,120134338S,Ms.,Et est ut earum non in iusto a eos.,Porro quia voluptatem voluptatem aperiam reiciendis.,,1900 Stark Garden,,Kozeyport,TN,PRT,70767-5114,1-218-903-8687,0047,,,RO16,2006-02-07,RO16,2017-02-21,,,,,,,,,,A,,Doyle,Marge,,,,,,M,,,,,,,,,,
CK602007,,,VETERAN,MD,Rahul,B,Quitzon,485569210S,Mrs.,,,,343 Cynthia Keys,,McGlynnberg,SC,SMR,97069-2936,976.874.4835 x44391,,(900) 021-2424 x631,,RO31,2006-02-10,RO31,2017-09-05,,,,,Odit aut necessitatibus adipisci.,,,,,A,,,Velva,,,,,,F,,,,,,,,,,
CK607198,,,VETERAN,MD,Bernadette,Q,Hegmann,727410821S,Mr.,,Et et corporis reiciendis unde aut.,,6498 Mavis Highway,Apt. 127,New Delphiaside,MN,IOT,44374-1694,192-708-1115,,,455.293.8975,RO27,2006-03-08,RO27,2016-12-28,,,,,Quae sed recusandae fugiat est enim.,,,,,A,,Breitenberg,Vesta,,,,,,M,,,,,,,,,,
CK632805,,,VETERAN,IV,Monroe,C,Little,156731674S,Ms.,Vitae doloribus id et asperiores nihil.,Quaerat pariatur magnam perferendis est.,,36734 Mittie Cliffs,,Batzborough,AK,LKA,14209,(943) 847-6127,,(521) 950-6357 x430,(650) 539-2545,RO18,2006-07-07,DSWIFT1,2017-09-13,,,,,Sed architecto omnis ipsa rem sunt.,,,,,A,,Kerluke,Kevin,,,196598785,,1975-06-13,F,,,,,,,,,,
CK637017,,,VETERAN,III,Lambert,U,Langworth,696998365S,Mrs.,Porro qui id eligendi est voluptatem occaecati voluptas ut.,,,835 Schultz Junction,,Glendaburgh,MO,MMR,96423,(290) 721-6109 x8998,,1-754-551-3620 x3668,553.363.5443,RO28,2006-07-27,KBERGNAUM,2017-02-15,,,,,Error magnam rerum veritatis reprehenderit perferendis aut qui occaecati.,,,,,A,,,,G,,380566693,,1963-03-07,F,,,,,,,,,,
CK643553,,,VETERAN,DDS,Breanne,Z,Pouros,594748916S,Mrs.,Velit ipsa fugit repudiandae laborum hic nam.,,,149 Blanda Lodge,Suite 291,Loganmouth,UT,ZMB,36788-8028,705-397-3163 x8949,0987,,1-991-727-8879,RO17,2006-08-29,RO14,2017-09-29,,,,,Consequatur quisquam reiciendis sit sunt.,,,,,A,,,Roxane,G,,,,1988-12-05,M,,,,,,,,,,
CK645601,,,VETERAN,MD,Macey,J,Stanton,858789043S,Mrs.,,Minus vel sunt et.,,58220 Karley Tunnel,Apt. 988,Kerlukeville,WA,SGP,51058-3155,1-338-193-4422,,,439.884.5804 x55714,RO46,2006-09-07,RO46,2015-12-01,,,,,,,,,,A,,Rodriguez,Myrtis,L,,863027588,,1960-11-26,F,,,,,,,,,,
CK656743,,,VETERAN,I,Gage,J,Dietrich,289014668S,Dr.,,Libero sit laboriosam voluptate facere rem adipisci.,,1668 Dibbert Ranch,Apt. 470,East Joanaside,NJ,YEM,45094-1994,1-239-361-1441 x320,2391,1-804-152-8592,436.339.8665 x275,RO40,2006-10-30,RO40,2016-03-18,,,,,,,,,,A,,Littel,Sabina,R,,932262310,,,M,,,,,,,,,,
CK659436,,,VETERAN,DVM,Beulah,J,Mills,813165697S,Mr.,Qui magnam porro alias.,,,61499 Twila Greens,Suite 452,East Emmie,WY,PYF,18188,(929) 393-5456 x41223,,,(565) 773-7821,RO43,2006-11-14,RO43,2017-09-21,,,,,,,,,,A,,Bogisich,,M,,,,,F,,,,,,,,,,
CK676918,,,VETERAN,DVM,Estelle,I,Mills,602155354S,Ms.,,,,7805 Kamryn Divide,,Lockmanburgh,VT,PSE,53422-5718,(156) 062-6008 x4151,4745,(215) 799-1572 x4665,,RO55,2007-02-13,CVON1,2017-11-13,,,,,Doloremque rerum necessitatibus incidunt autem.,,,,,A,,Carter,,,,,,,F,,,,,,,,,,
CK724573,,,VETERAN,V,Matilde,W,Spinka,608113057S,Dr.,,,,64547 Kareem Extension,,East Maciview,UT,GUM,88273-2284,(279) 257-8325 x18387,,,,RO40,2007-09-22,JVON1,2017-09-14,,,,,Voluptatum culpa assumenda doloribus eos fugiat et cumque.,,,,,A,,Turcotte,,,,466623029,,1965-03-13,F,,,,,,,,,,
CK726136,,,VETERAN,II,Julia,B,Von,889039966S,Mrs.,Ipsum consequatur cupiditate laudantium.,,,5767 Crist Drive,Suite 195,East Obiefurt,NM,MNP,83847-7191,1-245-946-1561,,,769-038-3876,RO16,2007-09-28,KBERGNAUM,2017-10-12,,,,,,,,,,A,,Bernhard,,,,745949573,,1963-06-21,M,,,,,,,,,,
CK726509,,,VETERAN,PhD,Bridie,P,Koss,135512206S,Mrs.,,,,2820 Elyse Fields,Suite 252,New Amarafort,OH,SHN,49101,509.769.5581 x3755,,1-478-762-0313 x1324,,RO01,2007-09-29,RO01,2017-08-14,,,,,,,,,,A,,Lesch,Damon,V,,,,,M,,,,,,,,,,
CK751605,,,VETERAN,III,Ernie,B,Prohaska,610184188S,Miss,Non atque ut quos et ex et tempora.,Iste nulla quo asperiores a voluptatem ex velit.,,148 Melany Roads,,Pearlville,MA,CCK,83225-9290,846-353-1097 x6266,9669,187-232-9158 x879,,RO44,2008-02-01,RO44,2017-01-30,,,,,Iste qui culpa numquam aut et rerum.,,,,,A,,,,,,889211821,,1977-12-13,F,,,,,,,,,,
CK753132,,,VETERAN,PhD,Bart,Z,Pollich,806911502S,Dr.,,,,58898 Reichel Rest,,Rippinview,WI,TCD,56489-0698,547-773-7953 x158,,,484.212.2509 x06846,RO13,2008-02-07,KGOTTLIEB,2017-08-08,,,,,Tempore ducimus ipsam dolorem sed et corporis.,,,,,A,,,Rebekah,,,779571853,,1962-02-06,M,,,,,,,,,,
CK759075,,,VETERAN,II,Stefanie,U,Gulgowski,592519857S,Dr.,Doloremque rem deserunt id fuga minus officiis ipsum.,,,310 Lakin Port,Suite 617,East Tannerstad,OR,AGO,86582,358.236.0937 x29846,7569,,,RO31,2008-03-04,KBERGNAUM,2017-09-12,,,,,Ut voluptatem minima perspiciatis autem expedita.,,,,,A,,,,,,,,1979-11-24,M,,,,,,,,,,
CK770541,,,VETERAN,V,Patience,I,Kirlin,878055903S,Dr.,,,,6493 Waters Ville,,Jeanneshire,NJ,YEM,17858-8143,1-568-335-2976,8311,(488) 628-4178,,RO22,2008-04-22,KBERGNAUM,2017-11-13,,,,,,,,,,A,,,,,,434827992,,1980-08-20,F,,,,,,,,,,
CK775833,,,VETERAN,MD,Carmela,G,Berge,741230028S,Mrs.,,Amet non reiciendis sint dolor voluptatem asperiores ullam.,,79213 Labadie Flat,Apt. 769,Cordiahaven,MT,MRT,10676-0128,986-330-5649 x6401,8433,153-984-9728,,RO48,2008-05-14,RO48,2017-09-28,,,,,,,,,,A,,,,,,554216124,,,F,,,,,,,,,,
CK781130,,,VETERAN,MD,Mara,R,O'Connell,753214274S,Mr.,Iure reprehenderit excepturi aut error labore.,Provident aut laudantium enim nesciunt.,,16667 Keon Burg,,Cloydbury,KS,GGY,43203-8271,499-690-4633 x7132,8985,,197-296-8505,RO35,2008-06-06,CVON1,2017-11-01,,,,,,,,,,A,,,,,,304119399,,1981-09-18,F,,,,,,,,,,
CK783341,,,VETERAN,Jr.,Grayce,Z,Reichel,959978376S,Ms.,,Blanditiis porro ipsa fugiat.,,354 Herman Glens,,Lake Maia,ND,BHR,41003-6342,184.958.1027 x7306,,,,RO22,2008-06-17,KBERGNAUM,2017-11-13,,,,,,,,,,A,,,,,,877616436,,1970-11-14,M,,,,,,,,,,
CK793315,,,VETERAN,Jr.,Jaquelin,Q,Shields,970686884S,Mrs.,Consectetur enim esse laudantium qui omnis.,,,1752 Connelly Wall,Apt. 104,East Marianoshire,CA,NLD,88601,(544) 796-7033,5654,,746-792-7273,RO48,2008-07-28,RO48,2017-03-02,,,,,,,,,,A,,,,,,102306727,,1967-11-06,F,,,,,,,,,,
CK804056,,,VETERAN,III,Lysanne,G,Schiller,197502199S,Ms.,,,,293 Ferry Overpass,,Enoschester,MO,SPM,36971-8227,202-659-3327 x690,,(478) 764-0162 x07794,,RO48,2008-09-10,KBERGNAUM,2017-09-06,,,,,Quia quo veritatis sequi cumque.,,,,,A,,,,,,,,,M,,,,,,,,,,
CK811066,,,VETERAN,V,Jovan,W,Morissette,416578756S,Miss,Placeat nam debitis aut culpa est.,Sed ad tenetur quis autem facere vel dolore.,,3354 Laury Crossing,,Handmouth,CT,STP,43068-3325,1-879-650-8403 x3129,,1-240-362-3715 x5634,,RO17,2008-10-04,IDURGAN,2017-09-07,,,,,,,,,,A,,,,,,,,,M,,,,,,,,,,
CK824632,,,VETERAN,Sr.,Nelle,V,Bogisich,507060716S,Miss,Et iste sit et perspiciatis dolore expedita.,Minima architecto numquam aut quae eius dolor.,,885 Janie Turnpike,,Luettgenberg,DE,GHA,86505,569-172-9878,,1-913-050-0951,,RO55,2008-12-03,SBEAHAN,2017-05-24,,,,,,,,,,A,,,,,,,,1964-04-19,M,,,,,,,,,,
CK835238,,,VETERAN,Sr.,Lizzie,D,Boyle,309282295S,Miss,Rerum aut sint impedit.,Consequuntur omnis ea temporibus et ut.,,761 Beryl Center,,Braunfort,MD,SPM,94205,(784) 288-2313 x65346,9273,,,RO51,2009-01-21,DSWIFT1,2017-09-13,,,,,Totam cumque rerum voluptas autem qui debitis natus culpa.,,,,,A,,,,,,756437611,,,F,,,,,,,,,,
CK840553,,,VETERAN,II,Angeline,W,Heller,876635352S,Ms.,,Qui nesciunt ex velit.,,4825 Boyle Parks,Suite 235,Krajcikland,HI,ISL,42430,674-843-9989 x2059,8770,,,RO62,2009-02-09,RO62,2017-10-16,,,,,Ut hic ex qui ducimus sunt.,,,,,A,,Pollich,,V,,,,,F,,,,,,,,,,
CK841163,,,VETERAN,II,Miracle,C,Miller,412043429S,Miss,,,,967 Kutch Mall,Suite 865,South Anjaliberg,TX,SVK,14032-9016,798.930.1540,,522.271.6335,,RO19,2009-02-11,RO19,2017-11-09,,,,,Quidem pariatur voluptatem et.,,,,,A,,,,,,267884641,,1973-12-09,M,,,,,,,,,,
CK869070,,,VETERAN,V,Uriah,V,Walsh,117959854S,Miss,,Omnis minus consequatur sit et et reprehenderit molestiae quo.,,43200 Wyman Squares,,North Brendon,NV,SGS,32761-9505,896.387.1894 x68257,8134,(704) 808-0726 x52855,(769) 439-4130 x791,RO13,2009-05-28,DSWIFT1,2017-08-30,,,,,,,,,,A,,,,,,226119252,,,F,,,,,,,,,,
CK874336,,,VETERAN,Jr.,Tristin,Q,Jakubowski,673685190S,Mr.,,Mollitia cum eveniet ut recusandae.,,14832 Garrick Cove,Suite 436,West Otto,TN,EST,14493-3341,(774) 304-2431 x3453,,,,RO49,2009-06-17,RFLATLEY,2017-10-27,,,,,Sed rerum consectetur necessitatibus nisi.,,,,,A,,Williamson,,,,,,,F,,,,,,,,,,
CK877331,,,VETERAN,II,Colin,E,Kilback,181084978S,Miss,,Consequatur velit provident sit aut.,,4046 Astrid Centers,Apt. 318,Hillsstad,MA,JOR,36621-3318,1-987-614-8897 x37222,3690,842.356.7271,,RO43,2009-06-29,RFLATLEY,2017-10-18,,,,,Culpa non impedit deserunt quibusdam dolor sed eum.,,,,,A,,,,,,699982954,,1967-02-27,M,,,,,,,,,,
CK881620,,,VETERAN,IV,Pete,A,Rippin,563959906S,Dr.,,,,96887 Moore River,,Adalbertoview,ME,GMB,99746-8005,858.255.1386,2247,,189-108-4941 x23524,RO22,2009-07-15,RFLATLEY,2017-10-17,,,,,Consequatur eveniet doloremque tempore vero provident.,,,,,A,,,,,,,,,F,,,,,,,,,,
CK886370,,,VETERAN,DVM,Laurence,X,Ullrich,862922166S,Ms.,,Ut a facere ut velit eum nulla nesciunt.,,7926 Reagan Shoal,,Franeckifurt,WA,CAN,43489-9275,221.161.4585,,313-936-4340 x97527,,RO49,2009-07-31,KBERGNAUM,2017-09-05,,,,,Repudiandae ad quia rerum suscipit qui provident.,,,,,A,,,,,,,,,M,,,,,,,,,,
CK895807,,,VETERAN,I,Harry,X,Dickens,695458863S,Ms.,,Accusantium distinctio fugiat esse vero enim qui.,,943 Aurelie Centers,,New Fayshire,NE,GRL,55602,198.178.9774 x7198,8655,263.121.1539 x89574,,RO44,2009-09-02,KBOGAN1,2016-06-05,,,,,Voluptatum fugit consectetur et.,,,,,A,,,,,,208313373,,,F,,,,,,,,,,
CK905439,,,VETERAN,DVM,Zora,E,Kuhlman,727695371S,Mr.,,Libero voluptatibus ducimus explicabo in labore culpa et.,,5828 Zieme Hills,Suite 990,North Rafaelhaven,MT,DJI,12723-0931,1-588-304-0688 x166,5459,(944) 058-3588,(386) 952-3653 x9342,RO22,2009-10-07,CVON1,2017-10-10,,,,,,,,,,A,,,,,,,,1967-02-27,M,,,,,,,,,,
CK906187,,,VETERAN,III,Myrtie,X,Jones,125320366S,Dr.,,Doloremque est sit impedit laudantium soluta.,,78767 Reynolds Square,,East Doris,UT,ATA,34490-1201,1-986-210-2431 x688,,,267-811-8320,RO20,2009-10-09,RO19,2017-11-07,,,,,Quia corporis praesentium qui iusto voluptas ut harum.,,,,,A,,,,,,,,1962-03-27,M,,,,,,,,,,
CK913132,,,VETERAN,IV,Grover,E,Kerluke,241590835S,Mr.,,Non deleniti ut aut maiores possimus eligendi iusto fugiat.,,446 Gilbert Prairie,,Alfredomouth,HI,GUF,83453,1-783-726-7445,9966,,752.588.5261,RO04,2009-11-03,DSWIFT1,2017-10-31,,,,,Eos fuga omnis doloremque ut saepe cumque.,,,,,A,,,,,,,,,F,,,,,,,,,,
CK913880,,,VETERAN,II,Morgan,F,Weber,282096764S,Miss,Est quae nisi voluptas et aut natus consequuntur voluptas.,Nulla et velit quod saepe.,,67937 Upton Parkways,,Port Florencioville,CA,SJM,14198-0560,886-919-1859,,1-246-919-5710 x22143,973-088-1514,RO17,2009-11-05,ACONNELLY1,2017-08-10,,,,,Vitae est soluta id.,,,,,A,,,,,,,,1989-05-21,M,,,,,,,,,,
CK913924,,,VETERAN,III,Clay,Q,Gleichner,544279830S,Miss,Error voluptatibus ea ut.,Optio eaque odit ratione quaerat.,,38600 Larkin Mountains,,Gladycefurt,CT,STP,47153,656.082.6967,,,1-848-647-4616 x02811,RO28,2009-11-05,VRMUSER,2017-04-18,,,,,,,,,,A,,,,,,,,1963-01-19,M,,,,,,,,,,
CK919850,,,VETERAN,IV,Nasir,Z,Conn,311349312S,Mr.,Maiores ipsum necessitatibus adipisci et et ab enim omnis.,,,782 Cummerata Plains,Apt. 915,East Elwyn,ME,ROU,80410-8327,(616) 151-9980,,,,RO11,2009-11-30,RO11,2016-11-15,,,,,,,,,,A,,,,,,,,1974-03-14,F,,,,,,,,,,
CK927578,,,VETERAN,PhD,Ismael,U,Sporer,538467863S,Mrs.,,,,7451 Sawayn Rest,Suite 388,Karenshire,PA,EGY,66132-8053,(177) 162-0065,7798,,515-939-9699,RO18,2009-12-30,IDURGAN,2017-09-20,,,,,Deserunt tenetur et perspiciatis quod esse quas.,,,,,A,,,,,,238092336,,,M,,,,,,,,,,
CK934532,,,VETERAN,DVM,Zoey,M,Gutmann,142606933S,Mr.,,,,3802 Iliana Glens,Suite 177,Suzanneville,GA,BHR,92419-8615,731-759-8370,2912,803-646-5362 x009,789.645.8006 x6133,RO13,2010-01-27,TMURRAY,2017-10-10,,,,,Quam alias omnis voluptatem animi.,,,,,A,,,,,,522736800,,,M,,,,,,,,,,
CK937525,,,VETERAN,Sr.,Gayle,B,McLaughlin,989230654S,Dr.,Tenetur reiciendis repellat dolorem sequi veniam cum corrupti.,Aut rerum nemo voluptate sed facilis est vitae.,,32842 Fritsch River,Apt. 471,South Kailynbury,NH,ARG,37134,(731) 573-7752 x642,1782,,,RO13,2010-02-05,RFLATLEY,2017-10-18,,,,,Placeat laborum id voluptatibus.,,,,,A,,,,,,130159163,,1989-02-23,M,,,,,,,,,,
CK940945,,,VETERAN,I,Neil,Q,Block,797197103S,Mr.,In sapiente ut doloremque cum debitis repudiandae.,,,65760 Audrey Passage,Apt. 147,Aniyaland,FL,POL,91749,(333) 222-7454 x97027,,,,RO16,2010-02-18,RO16,2016-11-17,,,,,,,,,,A,,,,,,648361916,,1988-11-11,M,,,,,,,,,,
CK940968,,,VETERAN,IV,Jadyn,N,Daugherty,544170656S,Ms.,Sed omnis enim et quaerat repudiandae suscipit ea.,,,435 Fabiola Brook,,Joneston,VA,TUR,18276-4725,706-893-1294,,965-988-7929 x289,839-262-7034 x25264,RO49,2010-02-18,VRMUSER,2017-08-15,,,,,Quidem magni sunt ut veritatis eos consequatur vitae.,,,,,A,,,,,,,,1974-05-23,F,,,,,,,,,,
CK943653,,,VETERAN,MD,Berry,G,Kuhn,398013524S,Ms.,Accusamus sapiente aut atque qui qui voluptas qui dolores.,Ipsam voluptas qui suscipit et quibusdam.,,4963 Mariah Springs,Apt. 380,North Daisy,NJ,AUT,62052-0622,(969) 608-3892,,816.332.7122,784.415.7078 x4832,RO49,2010-02-26,RO49,2017-08-22,,,,,,,,,,A,,Lueilwitz,,,,237926366,,1984-07-06,F,,,,,,,,,,
CK947525,,,VETERAN,Jr.,Reyes,I,Crooks,393902465S,Mr.,,Vero numquam aspernatur consequuntur eum voluptas aut quo illo.,,883 Trantow Union,,South Ocie,KS,TLS,89167-5430,(543) 263-1388 x46932,,(920) 189-7440 x623,,RO44,2010-03-10,AHOPPE,2017-04-11,,,,,,,,,,A,,,,,,,,,M,,,,,,,,,,
CK956440,,,VETERAN,Jr.,Pat,Q,O'Connell,187104819S,Miss,,Ea dicta eaque dolorem libero est ut ad dignissimos.,,5840 Boehm Roads,Suite 485,Lake Adella,MN,WSM,26126-1226,(975) 697-3579 x05584,2782,,,RO01,2010-04-09,CVON1,2017-11-01,,,,,,,,,,A,,,,,,827702582,,1985-01-25,M,,,,,,,,,,
CK959390,,,VETERAN,IV,Salvador,R,Kautzer,372380792S,Mrs.,,Ipsam ut necessitatibus voluptates sit aut ab similique.,,13644 Manley Islands,,Samirshire,MD,JOR,98561,1-127-619-4271 x1350,,1-502-848-0268,1-653-899-5358 x645,RO46,2010-04-20,IDURGAN,2017-09-22,,,,,,,,,,A,,,,,,,,1960-03-29,F,,,,,,,,,,
CK967879,,,VETERAN,PhD,Columbus,I,Collins,850761752S,Mrs.,,Repellendus ipsa aut eum eos ea.,,9888 Lemke Stream,,Metzborough,MD,KIR,37323-6440,1-639-271-8042 x799,5752,(254) 640-5484,,RO55,2010-05-17,SBEAHAN,2017-02-22,,,,,,,,,,A,,,,,,,,1976-10-28,M,,,,,,,,,,
CK969773,,,VETERAN,MD,Clark,W,Roberts,391749217S,Miss,,,,11344 Molly Spring,,Rogerhaven,NM,ESH,31589-0144,701.916.5986 x552,9437,169.051.1596,132-563-1629,RO13,2010-05-24,FFRAMI,2017-10-31,,,,,,,,,,A,,,,,,635239117,,,F,,,,,,,,,,
CK978062,,,VETERAN,Sr.,Chadd,I,Bogan,724518857S,Mrs.,,Hic sed qui maxime nihil laboriosam magni.,,341 Murray Plaza,,Windlerland,WA,CAF,87982,913.260.8656 x0078,,231.484.8077 x92485,148-070-0341 x67756,RO17,2010-06-21,RO17,2017-12-06,,,,,,,,,,A,,,,,,114607324,,,M,,,,,,,,,,
CK985144,,,VETERAN,PhD,Glennie,J,Reynolds,202398213S,Miss,,,,942 Lemke Lights,Suite 638,Aliyahborough,MD,BEN,80738,183.382.1215,,(622) 792-1962,791-317-1101 x85626,RO21,2010-07-16,RO49,2017-07-26,,,,,Assumenda dolorum sit rerum eum officia voluptatem voluptatem.,,,,,A,,,,,,251058349,,,F,,,,,,,,,,
CK986682,,,VETERAN,II,Juana,Z,Ullrich,734997526S,Ms.,,,,1766 Hand Ramp,Apt. 694,Joeltown,AK,GAB,41169,1-885-533-1468 x266,6611,1-511-645-1258,,RO18,2010-07-22,RO27,2017-03-18,,,,,,,,,,A,,,,,,,,1975-08-13,M,,,,,,,,,,
CK988269,,,VETERAN,II,Martin,L,Cronin,673157500S,Dr.,Qui dignissimos commodi nam.,,,541 Nader Loop,Apt. 188,Kundehaven,MD,NCL,87778-7139,1-147-696-1886,,,,RO17,2010-07-28,CVON1,2017-05-01,,,,,,,,,,A,,,,,,356194935,,1989-12-07,M,,,,,,,,,,
CK988726,,,VETERAN,III,Agustin,B,Hessel,763140525S,Ms.,Nihil vel quisquam qui ut.,Placeat magnam qui maxime delectus.,,46181 Orn Ways,,Idellmouth,NH,TWN,49474-5137,(123) 896-9655 x94667,2673,(495) 612-9177,,RO22,2010-07-28,BMITCHELL1,2017-11-02,,,,,,,,,,A,,,,,,951702652,,,F,,,,,,,,,,
CK992319,,,VETERAN,IV,Olaf,Z,Harris,385010268S,Dr.,,,,57239 Ricardo Prairie,Apt. 206,Romaguerastad,FL,FRO,60648,338.550.5211 x690,3729,682-771-9308,,RO13,2010-08-10,CVON1,2017-08-17,,,,,Fugiat id et deserunt ipsum placeat veniam qui et.,,,,,A,,,,,,576886669,,1977-07-09,M,,,,,,,,,,
CK992975,,,VETERAN,Jr.,Julia,Y,Senger,639669570S,Dr.,Minima iste aut nihil aperiam.,,,564 Franecki Fields,Suite 672,West Merrittmouth,NC,TKM,16566-3086,217-572-4473 x06738,,,252.807.5630 x151,RO14,2010-08-12,CCUMMERAT,2017-06-08,,,,,Occaecati est odio enim laboriosam dolore.,,,,,A,,,,,,902982034,,,M,,,,,,,,,,
CK996625,,,VETERAN,Sr.,Muriel,C,Lynch,242350995S,Miss,,Ut magni repudiandae amet delectus eligendi veritatis rerum.,,644 Melisa Forge,Apt. 668,New Troy,SD,HTI,81138-9293,137-468-4260,,,(646) 859-8340,RO17,2010-08-25,CVON1,2017-05-01,,,,,Eaque vel aperiam impedit.,,,,,A,,,,,,,,,F,,,,,,,,,,
