hearing_pkseq,hearing_type,folder_nr,hearing_date,hearing_disp,board_member,notes1,team,room,rep_state,mduser,mdtime,reqdate,clsdate,recmed,consent,conret,contapes,tranreq,transent,wbtapes,wbbackup,wbsent,recprob,taskno,adduser,addtime,aod,holddays,vdkey,repname,vdbvapoc,vdropoc,canceldate,addon
213883,F,1993535,2008-12-03 00:00:00 UTC,H,,,26,,MD,RO26,2008-12-03,2008-09-15,2008-12-03,,,,,,,,,,,,RO26,2008-10-15,,,,Jefferey White,Arlo Dach DVM 320-854-9670 x4520,Caitlyn Goldner 1-546-347-7257,,
274498,F,2293199,2010-08-10 00:00:00 UTC,H,,,14,,PA,RO14,2010-08-10,2010-06-22,2010-08-10,,,,,,,,,,,,RO14,2010-06-22,,,,Cloyd Windler,Carlee Rempel 1-709-009-7593 x75408,Jordy Funk (304) 910-0473 x0453,,
315524,F,2220497,2014-04-03 00:00:00 UTC,H,,Voluptas eos velit iure a.,13,,FL,RO13,2014-04-14,2011-06-30,2014-04-14,,,,,,,,,,,,RO13,2011-07-11,,,,Gerson Kunde,Keshaun Lind 838-800-6136 x8964,Lora Ondricka 192.767.9682,,
322704,F,2367429,2011-11-03 00:00:00 UTC,C,,,19,,MD,RO19,2011-11-03,2011-05-10,2011-11-03,,,,,,,,,,,,RO19,2011-09-16,,,,Milo VonRueden,Malika Hilll III 1-664-237-3247 x93090,Keely Berge 890-590-4076 x020,,
341172,F,2575333,2014-05-08 00:00:00 UTC,H,,Velit vel blanditiis aut.,16,,MA,RO16,2014-06-30,2012-03-21,2014-06-30,,,,,,,,,,,,RO16,2012-03-22,,,,Dr. Amber Schmidt,Lina Kerluke 1-303-514-1557 x9207,Granville Hartmann II 1-384-482-0878 x556,,
353057,F,2630817,2014-03-05 00:00:00 UTC,H,,Illum dolor quae debitis ipsum.,48,,CA,RO48,2014-03-05,2012-07-27,2014-03-05,,,,,,,,,,,,RO48,2012-08-01,,,,Sebastian Bogan,Savannah Howe 1-842-717-7800,Pasquale Ziemann 1-291-108-9482 x52272,,
388176,F,2144437,2013-07-18 00:00:00 UTC,H,,In commodi est molestiae dignissimos non deleniti aliquam.,44,,DE,RO44,2013-07-18,2013-04-22,2013-07-18,,,,,,,,,,,,RO44,2013-07-18,,,,Ms. Royce Medhurst,Mr. Jamarcus Rosenbaum 1-796-634-8601,Reyna Abernathy 228-369-9946 x26300,,
391938,F,2613939,2015-08-12 00:00:00 UTC,C,,,17,,VA,RO17,2015-07-30,2012-06-12,2015-07-30,,,,,,,,,,,,RO17,2013-09-03,,,,Garfield Waelchi,Carson Jacobi MD (385) 150-0456,Kyla Morar 1-249-646-1759 x11495,,
398936,C,2293199,2014-12-11 13:00:00 UTC,N,365,,,1,KY,MPOUROS2,2014-12-15,,,,,,,,,,,,,,DRAU,2014-11-07,,,,Christiana Collins,Eleazar Stamm IV 188-529-8581,Ellis Prohaska 945-544-7734 x7435,,
401747,F,2381692,2014-05-01 00:00:00 UTC,H,,,44,,MI,RO44,2014-05-09,2010-11-18,2014-05-09,,,,,,,,,,,,RO44,2013-11-14,,,,Philip Torp II,Icie Crona 450-512-0059,Cecelia Auer Sr. 573-563-6698,,
403316,F,2630817,,H,,Animi corrupti odio hic.,48,,GA,RO48,2015-05-21,2013-10-16,2015-05-21,,,,,,,,,,,,RO48,2013-12-09,,,,Keaton Halvorson Jr.,Solon Gulgowski 1-130-703-0034 x655,Trycia Walker 1-865-580-1320 x3299,,
407938,F,2872913,2015-10-01 00:00:00 UTC,H,,Autem cumque aut dolores at aut nulla.,40,,NV,RO40,2016-01-14,2014-02-18,2016-01-14,,,,,,,,,,,,RO40,2014-02-06,,,,Raul Dietrich,Christy Medhurst 1-122-083-9763 x2382,Luis Trantow 225.486.8091 x042,,
412663,F,2876008,2015-07-02 00:00:00 UTC,H,,,48,,CO,RO48,2015-07-02,2014-03-27,2015-07-02,,,,,,,,,,,,RO48,2014-03-27,,,,Graham Homenick DVM,Rahsaan Nienow (624) 019-0396,Mrs. Otha Harvey 993.820.2914,,
413297,F,2668454,2014-06-12 00:00:00 UTC,H,,,17,,MT,RO17,2014-06-12,2012-04-02,2014-06-12,,,,,,,,,,,,RO17,2014-04-02,,,,Christ Gulgowski,Adela Purdy (214) 383-7177 x45748,Dr. Michael Schiller 1-869-421-5472,,
413298,F,2668454,2014-06-12 00:00:00 UTC,H,,Qui beatae saepe tempora sunt ad quisquam.,17,,MT,RO17,2014-06-12,2012-10-24,2014-06-12,,,,,,,,,,,,RO17,2014-04-02,,,,Bryce Crona,Lyric Turcotte 310.605.2561 x21848,August Pfeffer 433.431.0062,,
427612,F,2429085,2014-11-25 00:00:00 UTC,H,,,44,,MD,RO44,2014-11-25,2011-03-22,2014-11-25,,,,,,,,,,,,RO44,2014-09-16,,,,Pete Murphy,Jeremie Kub 105-582-5120,Effie Beer 730.521.4917 x506,,
430727,F,2798946,2016-01-06 00:00:00 UTC,C,,Velit iure laboriosam doloremque.,19,,WA,RO19,2016-01-06,2014-07-31,2016-01-06,,,,,,,,,,,,RO19,2014-10-22,,,,Michel Jenkins PhD,Erick Swift (285) 243-4698 x963,Bailey Sauer 962-730-4955,,
444443,F,1993535,2015-06-09 00:00:00 UTC,H,,Et sunt perferendis soluta delectus debitis natus omnis.,26,,NE,RO26,2016-12-09,2013-07-05,2015-06-09,,,,,,,,,,,,RO26,2015-02-04,,,,Monte Padberg,Rossie Miller 623.169.4231 x4183,Evalyn Gibson 904-722-1820,,
452007,F,3062960,2015-06-16 00:00:00 UTC,C,,Dicta aliquid enim et aspernatur.,51,,AZ,RO51,2015-06-16,2015-02-04,2015-06-16,,,,,,,,,,,,RO51,2015-04-15,,,,Daren Rutherford,Dr. Earlene Deckow 634-598-0855 x2253,Edna Auer DDS 1-833-986-5427 x3191,,
452893,F,2867283,2016-10-12 00:00:00 UTC,C,,Ad facere modi totam molestias ut minus velit et.,17,,KS,RO17,2016-10-18,2013-12-23,2016-10-12,,,,,,,,,,,,RO17,2015-04-22,,,,Dennis Johnson,Hosea Herman (546) 407-6190 x355,Ottilie Wisozk 158-038-3211,,
461179,F,2997131,2015-09-21 00:00:00 UTC,H,,Recusandae ut deleniti accusantium voluptatem et tempora.,18,,SC,RO18,2015-09-22,2014-09-17,2015-09-21,,,,,,,,,,,,RO18,2015-07-10,,,,Turner Dickens PhD,Roxane Stehr 1-330-112-2091,Mr. Mandy West 404.848.7206 x07092,,
467160,F,2879794,2016-06-30 00:00:00 UTC,H,,Est neque quia ut est id dolores.,49,,WI,RO49,2016-06-30,2014-03-11,2016-06-30,,,,,,,,,,,,RO49,2015-08-31,,,,Brandy Lindgren,Santos Renner 193.184.9560,Tia Maggio 988.575.5649 x675,,
469314,T,2439387,2015-10-22 08:30:00 UTC,P,048,,SBODE,,IN,SHUEL1,2017-04-04,,,,,,,,,,,,,,RO16,2015-09-17,,,2016-4-1,Ms. Marcella Grimes,Roscoe Crooks 107.253.2905 x36957,Meghan Daugherty 322-342-6940 x554,,
469946,F,2572888,2016-03-03 00:00:00 UTC,C,,,55,,WY,RO55,2016-03-07,2015-06-10,2016-03-07,,,,,,,,,,,,RO55,2015-09-22,,,,Rylan Schmidt,Zena Grant DDS 679-267-4268 x503,Erik McLaughlin Jr. 213-164-1322 x6321,,
470093,T,2571277,2016-02-23 10:30:00 UTC,N,797,Et fugiat quia aperiam aut provident.,SBODE,,DE,OVANDERVO,2016-02-25,,,,,,,,,,,,,,RO19,2015-09-23,,,2016-28-1,Erin Kessler,Dr. Keven Lowe 673-594-4882 x54595,Ezekiel Walker 741.513.1166,,
472319,F,2932923,2016-05-10 00:00:00 UTC,H,,Eos eveniet pariatur iure incidunt eaque veritatis vel minus.,55,,NM,RO55,2016-06-16,2015-09-15,2016-05-10,,,,,,,,,,,,RO55,2015-10-14,,,,Hayley Heaney,Carolanne Orn 740-404-2735,Ellsworth Collier (923) 104-8003 x1000,,
480370,V,2612208,2016-01-12 13:00:00 UTC,P,332,,SBODE,10,SC,TBOSCO,2016-01-12,,,,,,,,,,,,,,RO16,2015-11-27,,,475557,Osbaldo Miller,Ms. Krystel Mosciski (417) 023-4223 x7167,Claude Cassin 880.521.0051,,
481697,T,2367429,2016-02-25 14:00:00 UTC,H,805,Autem non necessitatibus cum nesciunt.,SBODE,,HI,DSENGER,2016-04-26,,2015-12-16,3,2016-02-26,2016-03-14,D,,,,,,0,16-090,RO19,2015-12-09,Y,,2016-28-1,Elisha Blanda,Laurine Okuneva Jr. (402) 863-8262,Melisa MacGyver V 428-121-1108 x3822,,
481700,F,2624973,2016-07-07 00:00:00 UTC,H,,,25,,VA,RO25,2016-11-14,2014-03-31,2016-11-14,,,,,,,,,,,,RO25,2015-12-09,,,,Nickolas Simonis,Dr. Ursula Mann 1-631-388-5528,Lauryn Hills 530-791-9484,,
482457,F,2918763,2016-01-28 00:00:00 UTC,C,,,16,,MA,RO16,2016-01-28,2015-11-13,2016-01-28,,,,,,,,,,,,RO16,2015-12-16,,,,Geoffrey Howe IV,Margarette Zemlak 657-372-9190 x78563,Estel Johnston (210) 016-0475,,
482919,F,2913382,2016-01-26 00:00:00 UTC,H,,Eaque ea iure reiciendis hic incidunt debitis labore sed.,01,,MT,RO01,2017-01-31,2014-09-29,2017-01-31,,,,,,,,,,,,RO01,2015-12-21,,,,Colin Orn I,Dr. Erica Reichel (531) 261-4166 x3064,Tina Stamm 694.606.8251 x34167,,
484140,F,1986897,2016-02-16 00:00:00 UTC,C,,,22,,TX,RO22,2016-02-16,2011-03-03,2016-02-16,,,,,,,,,,,,RO22,2016-01-06,,,,Tyrese Toy,Larue Greenholt (924) 311-2786 x503,Lavina Bayer (821) 111-5850,,
504107,V,2941741,2016-08-22 10:30:00 UTC,P,595,,SBODE,4,TX,JWEHNER,2016-08-22,,,,,,,,,,,,,,RO39,2016-06-23,,,476464,Roger Adams,Chandler Lynch 695.825.1769,Ron Abernathy 189.350.2943,,
506213,T,2177060,2016-08-23 14:30:00 UTC,N,225,Incidunt adipisci animi cumque ea assumenda unde iste.,SBODE,,DE,SKREIGER,2016-08-22,,,,,,,,,,,,,,RO28,2016-07-14,,,2016-73-1,Rosario Miller,Athena Muller 1-123-252-8898 x448,Odessa Wyman 141.868.2781 x159,,
506277,F,2231180,2016-11-03 00:00:00 UTC,N,,,49,,CO,RO49,2016-11-03,2014-04-15,2016-11-03,,,,,,,,,,,,RO49,2016-07-15,,,,Mrs. Lenna Anderson,Kaylah Sauer I 1-650-450-3316 x78190,Holden Armstrong 1-706-589-2726 x6351,,
509196,V,2430857,2016-09-21 10:30:00 UTC,H,471,Corrupti reprehenderit voluptatum adipisci laboriosam tempora quas eum.,SBODE,5,MD,JWEHNER,2016-09-23,,,3,2016-09-22,2016-10-07,D,,,,N,,0,16-457,RO48,2016-08-11,,60,476549,Mr. Willis Klocko,Ransom Kunze 1-599-791-6282,Omer Aufderhar 255.627.3717,,
515596,T,2117094,2016-10-24 14:30:00 UTC,P,048,Aut nulla ut ex impedit.,SBODE,,WI,SHUEL1,2017-01-12,,,,,,,,,,,,,,RO77,2016-09-19,,,2017-10-1,Ms. Ressie Cartwright,Leonora Trantow V (454) 126-6795,Aric Hegmann 858-079-7139,,
516524,T,3283372,2016-11-18 08:30:00 UTC,N,918,,SBODE,,ME,RZIEMANN1,2016-11-18,,,,,,,,,,,,,,RO19,2016-09-24,,,2017-14-1,Elmore Wilderman MD,Joany Price 915.031.6172 x1036,Lilian Smitham (592) 427-4089 x0472,,
516573,T,2571277,2016-11-16 08:30:00 UTC,N,918,Praesentium et dolores repellat.,SBODE,,AL,RZIEMANN1,2016-11-18,,,,,,,,,,,,,,RO19,2016-09-26,,,2017-14-1,Parker Jacobs III,Omer Hartmann 512.168.6133,Nestor Fritsch (777) 423-1498 x0669,,
518301,F,2871207,,,,,17,,TN,RO17,2016-10-06,2016-09-26,,,,,,,,,,,,,RO17,2016-10-06,,,,Deborah Hyatt,Alejandrin Bode (596) 080-2074 x40930,Nikolas Kuphal DDS 574.053.7106,,
523265,C,2214968,2017-07-13 13:00:00 UTC,H,008,,SBODE,2,NY,KGOTTLIEB,2017-07-20,,,3,2017-07-20,,W,,,,,,,,JRAYNOR,2017-06-01,,,,Martine Schuster,Thalia Beahan (733) 522-5200 x457,Dr. Winnifred Auer (863) 351-7816,,
523472,C,2903521,2017-08-08 09:00:00 UTC,N,909,Et magnam est labore.,SBODE,3,OH,CTROMP,2017-08-08,,,,,,,,,,,,,,JRAYNOR,2017-06-02,,,,Kelli Altenwerth,Jasmin Champlin (983) 878-4049 x7379,Robert Quigley 1-125-506-9747 x661,,
523473,C,2760964,2017-08-08 09:00:00 UTC,H,909,Non delectus quo voluptates id deserunt ea sunt consectetur.,SBODE,3,LA,CTROMP,2017-11-03,,,3,2017-08-09,,W,Y,,,,,,,JRAYNOR,2017-06-02,G,,,Arne Lebsack MD,Gladys Mann 514-401-5065,Estrella Gerhold 867.473.5319 x85532,,
523475,C,2581243,2017-08-08 09:00:00 UTC,C,909,Itaque culpa ullam nemo dolores corporis quibusdam in.,SBODE,3,SD,CTROMP,2017-08-08,,,,,,,,,,,,,,JRAYNOR,2017-06-06,,,,Casper Mosciski,Favian Langosh III 318-878-1166 x951,Reid O'Connell IV 808.557.5852,,
523477,C,2558720,2017-08-08 09:00:00 UTC,H,909,Itaque ut enim quasi debitis.,SBODE,3,MT,CTROMP,2017-08-08,,,,2017-09-21,2017-10-06,A,,,,,,,17-284,JRAYNOR,2017-07-07,,30,,Joe Leannon MD,Cruz Weber II 1-488-894-5380,Miss Felix Turner 300-544-5553 x605,,
523478,C,877483,2017-08-08 13:00:00 UTC,H,909,Eum iure dicta quis maiores nihil architecto sit vero.,SBODE,3,WI,CTROMP,2017-08-08,,,3,2017-09-21,2017-10-06,A,,,,,,,17-284,JRAYNOR,2017-07-11,N,30,,Elta Keeling,Ms. Sebastian Nitzsche 1-442-063-2557,Mr. Virginie Rempel 250.328.0605 x5488,,
524034,C,2319208,2017-10-11 13:00:00 UTC,P,225,,SBODE,2,MT,SKREIGER,2017-10-31,,,,,,,,,,,,,,JRAYNOR,2017-08-18,,,,Ezequiel Kassulke,Trisha Hessel 732-889-3636 x648,Cecile Stracke (470) 668-7593 x51276,,
524334,C,2094805,2017-11-15 13:00:00 UTC,P,1062,,SBODE,1,SC,JRAYNOR,2017-11-15,,,,,,,,,,,,,,JRAYNOR,2017-09-22,,,,Ms. Stephania Johnson,Christop Breitenberg (185) 102-8458,Hilma Ratke 1-471-469-5680 x22590,,
526407,V,2918763,2016-11-22 13:00:00 UTC,H,319,Tempora id aut odit unde temporibus ad aut.,SBODE,10,MN,CFRANECKI,2016-11-22,,,3,2016-11-28,2016-12-13,A,,,,N,,0,16-545,SRENNER,2016-11-21,,,511955,Kaylin Dickens,Heather Jacobi PhD (502) 759-4852 x8041,Dr. Rosalee Heidenreich 565.866.4671,,
527594,F,2094805,2017-03-09 00:00:00 UTC,H,,,19,,PA,RO19,2017-03-09,2015-01-27,2017-03-09,,,,,,,,,,,,RO19,2016-12-01,,,,Malcolm Blanda,Macey Prohaska 547-990-4712,Angel Fahey (694) 764-4236 x71990,,
528036,V,2452290,2017-03-02 08:30:00 UTC,N,438,Assumenda tempore qui quasi consequuntur voluptatum nulla saepe.,SBODE,4,AZ,LKUHLMAN,2017-03-02,,,,,,,,,,,,,,RO01,2016-12-06,,,512299,Grover Feil,Therese Berge 496.779.0240,Kellie Tillman 752.531.7202 x2297,,
529047,T,2096907,2017-03-10 08:30:00 UTC,P,115,,SBODE,,VA,ILANGWORT,2017-05-02,,,,,,,,,,,,,,RO44,2016-12-14,,,2017-34-1,Zechariah Douglas,Mr. Dorothea Rice 936-249-0361 x754,Rosetta Sauer (262) 775-7424 x6646,,
529269,V,2293199,2017-02-17 08:30:00 UTC,N,790,Exercitationem pariatur sequi repellendus quaerat voluptatem doloribus suscipit perferendis.,SBODE,9,NC,OFRANECKI,2017-02-17,2010-10-30,,,,,,,,,,,,,RO14,2016-12-16,,,512259,Odessa Mohr I,Torrey Hermann Jr. (532) 545-3831 x531,Darrin Bradtke 457-767-3436 x1106,,
529756,V,2327092,2017-04-17 13:00:00 UTC,C,1118,,SBODE,6,MN,OFRANECKI,2017-04-17,,2017-04-05,,,,,,,,,,,,RO01,2016-12-20,,,517506,Kamryn Kuhlman,Mr. Alysson Mueller 806-614-8712 x31346,Wayne O'Conner (525) 734-7883 x025,2017-04-05,
530564,V,2727431,2017-02-03 09:00:00 UTC,H,909,Similique amet et veritatis itaque reprehenderit est quod molestiae.,SBODE,11,OH,JWEHNER,2017-02-03,,,3,2017-02-06,2017-02-21,D,,,,N,,0,17-045,RO45,2016-12-28,,,512195,Erich Predovic,Chase Satterfield 268.578.1924 x78342,Price Satterfield 274.958.7546 x950,,
535188,V,2591483,2017-03-08 09:00:00 UTC,H,909,,SBODE,7,IL,LKUHLMAN,2017-03-08,2015-06-05,,3,2017-03-09,2017-03-24,D,,,,N,,0,17-093,RO45,2017-02-07,,,512326,Omer Raynor,Brent Dooley IV 882.415.6857,Mrs. Mellie Hauck 181-250-2750 x7035,,
535190,V,2800804,2017-03-08 10:00:00 UTC,H,909,,SBODE,7,FL,LKUHLMAN,2017-03-08,,,3,2017-03-09,2017-03-24,D,,,,N,,0,17-093,RO45,2017-02-07,,,512326,Ada Green,Einar Miller 829.522.1320 x487,Elton Raynor 364-636-5422,,
536556,V,2311979,2017-04-18 08:30:00 UTC,C,842,Qui quidem voluptatem et est.,SBODE,13,VT,TBOSCO,2017-04-18,,,,,,,,,,,,,,RO17,2017-02-17,,,513749,Kenyon Denesik,Jeff Bartoletti (928) 777-2911 x2052,Miss Monte Schimmel 1-160-028-1415,,
537110,V,2238175,2017-03-22 09:00:00 UTC,N,1591,Ipsa neque molestiae alias aut.,SBODE,7,MS,LKUHLMAN,2017-03-22,,,,,,,,,,,,,,RO44,2017-02-22,,,512377,Granville Schoen,Berneice Harris Sr. 628.317.0200 x7913,Ron Schroeder MD (117) 400-6588,,
537197,V,2397325,2017-06-08 13:00:00 UTC,N,438,,SBODE,10,KS,OFRANECKI,2017-06-08,,,,,,,,,,,,,,RO01,2017-02-23,,,512687,Myra Lebsack,Dr. Laura Moore 1-451-746-3738,Vicky Corwin 423.853.0185,,
538323,V,2520489,2017-04-07 10:30:00 UTC,H,909,Expedita dolorum accusamus laudantium occaecati.,SBODE,8,NE,JWEHNER,2017-04-05,,,,2017-04-10,2017-04-25,D,,,,,,,17-135,RO22,2017-03-01,,60,537320,Miss Trinity Murray,Juana Cronin MD 659.970.3672,Suzanne Stiedemann (477) 890-4859,,
538654,V,2346090,2017-06-14 08:30:00 UTC,N,915,,SBODE,5,IL,OFRANECKI,2017-06-15,2013-09-16,,,,,,,,,,,,,RO04,2017-03-03,N,0,538022,Reid Cronin,Roger Kertzmann I (748) 863-5689,Mr. Ryleigh Wiza 191-149-0868 x9752,,
540249,V,2226048,2017-04-12 08:30:00 UTC,H,909,,SBODE,10,KY,JWEHNER,2017-04-12,,,3,2017-04-19,2017-05-04,A,,,,N,,0,17-141,RO49,2017-03-14,,60,537334,Verona Ratke,Ms. Valentin Stroman (820) 194-3086 x719,Elbert Baumbach Sr. (473) 901-3176 x1092,,
541389,V,2537880,2017-05-18 08:30:00 UTC,H,955,Vel et commodi dolorum distinctio enim.,SBODE,10,CO,RO07,2017-08-03,,,3,2017-05-26,2017-06-12,A,,,,N,,0,17-167,RO07,2017-03-21,,,517577,Juanita Runte MD,Efren Tillman 923.759.4410 x5608,Mr. Stewart Blick 400.393.2860 x18158,,
543057,V,2856924,2017-05-04 10:30:00 UTC,N,450,Aliquid ullam minima qui ut libero qui officiis quia.,SBODE,5,FL,CFRANECKI,2017-05-04,2014-01-31,,,,,,,,,,,,,RO62,2017-04-03,,,512560,Mrs. Alessia Legros,Florine Mraz 392.939.2450 x8670,Ms. Liana Corwin (667) 729-2292,,
544422,F,2879438,,,,Vero eos labore cumque quo libero.,16,,MO,RO16,2017-04-13,2014-02-14,,,,,,,,,,,,,RO16,2017-04-13,,,,Ramona McClure,Corbin Heathcote V 776.064.4970,Annamae Paucek DDS 628.421.5536,,
544932,V,3310775,2017-05-18 10:00:00 UTC,H,418,,SBODE,6,VA,LKUHLMAN,2017-05-18,,,3,2017-06-07,2017-06-22,A,,,,N,,0,17-190,RO46,2017-04-18,G,30,512618,Kellen Daniel,Coty Nolan 1-184-484-5861 x56134,Gianni Paucek 1-469-047-8895 x775,,
545592,V,2941741,2017-09-25 08:30:00 UTC,P,909,,SBODE,9,ND,JWEHNER,2017-09-25,,,,,,,,,,N,,0,,RO39,2017-04-24,,,513077,Mrs. Jade Walker,Major Langosh MD 1-443-685-0682 x6060,Xander Raynor MD (971) 957-7131,,
546726,T,2096907,2017-07-21 08:30:00 UTC,H,731,Rerum autem nesciunt eveniet vero iure repellendus et.,SBODE,,AZ,SBAYER,2017-07-17,,,,2017-08-09,2017-08-24,A,,,,,,,17-232,RO44,2017-05-03,,,2017-80-1,Dr. Madeline Quitzon,Justina Gutkowski (579) 931-4994 x514,Anjali Champlin I 583-515-1188 x67130,,
548720,T,2306397,2017-08-25 08:30:00 UTC,P,332,,SBODE,,WI,RO21,2017-08-25,2013-10-15,,,,,,,,,,,,,RO21,2017-05-15,,,2017-73-1,Estell Bosco,Fleta Weber 607-605-2161,Eric Buckridge 952-298-9868,,
548957,V,3019694,2017-07-25 11:30:00 UTC,P,1006,Voluptatem eos et velit amet cupiditate eaque aperiam quasi.,SBODE,6,CO,OFRANECKI,2017-07-25,,,,,,,,,,,,,,RO39,2017-05-16,,,512848,Dolly Muller,Anastacio Johnston V 657.181.0576 x18524,Clifton Tillman (887) 443-3134,,
550195,V,2399281,2017-06-30 10:00:00 UTC,P,598,Qui eligendi et amet.,SBODE,4,LA,LCASPER,2017-06-30,,,,,,,,,,,,,,RO17,2017-05-25,,,513789,Blaze Gutkowski,Dr. Hardy Auer (978) 725-6502 x4300,Melba Heathcote 1-480-181-2816 x9935,,
551077,V,3156846,2017-08-01 13:00:00 UTC,P,1070,,SBODE,6,FL,CKASSULKE,2017-08-01,2016-06-06,,,,,,,,,,,,,RO55,2017-06-05,,,512865,Miss Flavie Block,Alexandria Bayer (353) 090-5969 x688,Modesto Wuckert 852-707-1765 x8696,,
553785,V,2362049,2017-07-24 09:00:00 UTC,H,909,Ut ducimus aliquam quam repellat.,SBODE,7,MT,JWEHNER,2017-07-26,,,3,2017-09-20,2017-10-05,D,,,,N,,0,17-276,RO44,2017-06-23,,,512842,Ms. Dortha Abernathy,Trenton Hane 524.192.9936 x9839,Marilou Botsford 380.635.8452 x6883,,
553904,V,2572888,2017-08-01 11:00:00 UTC,P,1070,Maiores officiis odit non qui officia.,SBODE,6,HI,CKASSULKE,2017-08-01,,,,,,,,,,,,,,RO55,2017-06-26,,,512865,Buster Stoltenberg,Mrs. Raymundo Kemmer (669) 607-7659 x47263,Kelvin Schuppe 1-814-830-5377,,
554052,V,2856311,2017-08-03 12:30:00 UTC,P,876,Quis optio eius praesentium officia cumque.,SBODE,13,IL,OFRANECKI,2017-08-03,,,,,,,,,,,,,,RO29,2017-06-27,,,512874,Roberta Heaney,Norval Huel (424) 813-3756,Dr. Guido Nikolaus 257.638.4989 x62103,,
554062,V,2687879,2017-08-01 11:30:00 UTC,H,909,,SBODE,7,CA,JWEHNER,2017-08-01,,,3,2017-09-20,2017-10-05,A,,,,N,,0,17-281,RO39,2017-06-27,,60,551562,Arnulfo Rodriguez,Joel Terry 494-467-1275 x4519,Joy Waelchi 1-364-017-5752 x64829,,
554616,V,3306315,2017-08-07 11:30:00 UTC,H,319,,SBODE,13,NC,TBOSCO,2017-08-07,,,3,2017-09-21,2017-10-06,A,,,,N,,0,17-284,RO39,2017-06-30,,,512881,June Senger,Alva Bayer 1-813-220-2154,Damion Ebert 1-356-310-1604 x392,,
554652,V,2940946,2017-08-01 08:30:00 UTC,P,1070,Magnam atque corporis ipsa dolor quos nihil nesciunt.,SBODE,6,MA,CKASSULKE,2017-08-01,,,,,,,,,,,,,,RO55,2017-06-30,,,512865,Al Walsh Jr.,Theo O'Conner 343.409.0092 x3385,Edgar Streich 402-532-8507 x866,,
554654,V,3026933,2017-08-01 10:00:00 UTC,P,1070,Iure repellat magnam aut cumque est aut nihil.,SBODE,6,NE,CKASSULKE,2017-08-01,,,,,,,,,,,,,,RO55,2017-06-30,,,512865,Christopher Hoppe,Stefanie Raynor V 715-274-0980 x4291,Mr. Cecile Simonis (562) 751-1431 x47972,,
554778,V,2860911,2017-07-24 09:00:00 UTC,H,909,Aut est vero est facilis iure voluptas libero.,SBODE,7,CO,JWEHNER,2017-07-26,,,3,2017-09-20,2017-10-05,D,,,,N,,0,17-276,RO44,2017-07-03,,,512842,Vladimir Weber,Guy Dibbert 1-849-256-1013,Leatha Gaylord I 885-932-5399,,
556693,V,2556987,2017-09-25 08:30:00 UTC,H,909,Doloremque tempore velit dolores at delectus.,SBODE,9,WI,JWEHNER,2017-09-25,,,3,2017-09-28,2017-10-13,D,,,,N,,0,17-322,RO39,2017-07-19,,,513077,Raoul McGlynn IV,Irma Marvin V 494.930.5700 x105,Frederic Ondricka II 385.083.2181 x586,,
556935,V,2161819,2017-08-28 08:30:00 UTC,P,653,Maiores sunt aspernatur quis maxime earum nihil doloremque.,SBODE,12,MI,TBOSCO,2017-11-28,,,,,,,,,,,,,,RO22,2017-07-20,,,512966,Mr. Robin Klocko,Jaclyn Schuppe 643-321-2007,Ramiro Herman 645-373-9508 x66211,,
556943,V,2575333,2017-09-12 08:30:00 UTC,C,909,,SBODE,,WA,RO16,2017-09-12,,,,,,,,,,,,,,RO16,2017-07-20,,,513027,Brendon Marvin,Frieda Marks (764) 552-7771 x75154,Dr. Claud Bernier (352) 140-7706 x3254,,
557308,V,3019694,2017-09-25 11:30:00 UTC,H,909,Optio vitae et adipisci placeat deleniti amet accusamus.,SBODE,9,TN,JWEHNER,2017-09-25,,,3,2017-09-28,2017-10-13,D,,,,N,,0,17-322,RO39,2017-07-25,,,513077,Pinkie Waters,Carroll Schaefer DVM (811) 249-8076,Ted Haley (287) 826-0513,,
559193,T,2312804,2017-09-22 08:30:00 UTC,N,876,,SBODE,,MD,ABODE,2017-09-19,,,,,,,,,,,,,,RO22,2017-08-09,,,2017-74-1,Kendrick Goodwin Sr.,Lydia Dickens 1-962-436-3844 x866,Jedediah Grimes DDS 689.471.6484 x905,,
562172,V,2429027,2017-10-20 13:00:00 UTC,H,438,,SBODE,9,AZ,KPOWLOWSK,2017-10-20,,,,2017-10-27,2017-11-13,A,,,,,,,17-347,RO01,2017-08-21,,,559935,Benny Keeling,Jerrell Huel DVM (442) 617-0273 x78268,Mrs. Emilia Armstrong (547) 829-8980 x66717,,
562235,V,2231180,2017-10-13 08:30:00 UTC,P,909,,SBODE,11,ND,AABSHIRE,2017-10-13,,,,,,,,,,,,,,RO49,2017-08-22,,,559903,Chris Murphy,Miss Granville Kling 968-812-0222,Jaleel Heller 465-807-4006 x0913,,
562247,V,2306397,2017-10-13 10:30:00 UTC,H,909,,SBODE,11,MA,AABSHIRE,2017-10-13,,,,2017-10-19,2017-11-03,D,,,,,,,17-338,RO49,2017-08-22,,,559903,Nora Tromp,Miss Rachel Lockman 668-112-0110 x87172,Celia Eichmann II 281.433.6795 x3239,,
562999,V,2856311,2017-10-12 12:30:00 UTC,P,319,Sunt modi distinctio exercitationem qui repellat magni suscipit.,SBODE,8,MD,OFRANECKI,2017-10-12,,,,,,,,,,,,,,RO29,2017-08-28,,,559895,Laney Leannon,Arturo Rogahn 472-330-2722 x88430,Leatha Watsica 342-417-8084,,
563029,V,2612208,2017-10-11 13:00:00 UTC,P,872,,SBODE,5,MI,CFRANECKI,2017-10-16,,,,,,,,,,,,,,RO16,2017-08-28,,,562148,Carmel Auer,Donato Grady III 1-497-739-1038 x019,Kraig Mueller PhD 593-653-6102 x4262,,
563520,V,2940946,2017-10-30 08:30:00 UTC,H,909,Totam aut delectus rerum.,SBODE,12,IA,JWEHNER,2017-10-31,,,3,2017-11-01,2017-11-16,A,,,,N,,0,17-356,RO55,2017-08-31,,,559987,Neva Sauer,Leopoldo Brown 868.685.3134 x343,Garnett Hermann 726.454.5300 x926,,
563523,V,3026933,2017-10-30 10:30:00 UTC,H,909,,SBODE,12,RI,JWEHNER,2017-10-31,,,3,2017-11-01,2017-11-16,A,,,,N,,0,17-356,RO55,2017-08-31,,,559987,Miss Fausto Moore,Aliyah Borer 190.302.3583 x6992,Thaddeus Macejkovic 348.931.5647,,
563524,V,2572888,2017-10-30 10:00:00 UTC,H,909,,SBODE,12,UT,JWEHNER,2017-10-31,,,3,2017-11-01,2017-11-16,A,,,,N,,0,17-356,RO55,2017-08-31,,,559987,Mr. Mayra Little,Aiyana Thompson (721) 123-2832,Jace Fadel (158) 692-0230,,
563526,V,3156846,2017-10-30 10:30:00 UTC,H,909,,SBODE,12,NC,JWEHNER,2017-10-31,,,3,2017-11-01,2017-11-16,A,,,,N,,0,17-356,RO55,2017-08-31,G,,559987,George Bauch V,Jeanette Weber MD 118-120-8448 x946,Chelsey Hackett DDS 937.963.4636,,
563690,V,3461497,2017-10-30 09:00:00 UTC,C,909,,SBODE,12,MI,JWEHNER,2017-10-31,,,,,,,,,,,,,,RO55,2017-08-31,,,559987,Cloyd Lindgren,Alphonso Turcotte 927-593-2175,Georgette Hilll 668.481.6688,,
563742,V,3261587,2017-10-16 10:00:00 UTC,P,809,Voluptatem voluptatem officiis inventore iure a mollitia maxime.,SBODE,10,GA,JWEHNER,2017-10-17,,,,,,,,,,,,,,RO45,2017-08-31,,,559911,Fabiola Corwin,Taylor Hammes (688) 390-1693 x10579,Jon Lubowitz 239-532-0010,,
563872,V,2842610,2017-10-18 09:00:00 UTC,H,471,,SBODE,12,TX,NKUVALIS,2017-10-18,,,,2017-10-26,2017-11-10,D,,,,,,,17-345,RO43,2017-09-01,,,559930,Laron Leuschke I,Ola Fisher 868-925-1686,Heber Sanford 1-450-266-0268 x494,,
564400,T,2939932,2017-10-23 12:30:00 UTC,P,894,,SBODE,,VT,TBARTOLET2,2017-10-27,,,,,,,,,,,,,,RO10,2017-09-06,,,2018-10-1,Dannie Murphy,Prince Jerde 672-546-0694 x398,Darien Moore (835) 640-3808 x1819,,
564516,V,3063903,2017-11-14 08:30:00 UTC,H,909,,SBODE,5,WY,AABSHIRE,2017-12-07,,,3,2017-11-20,2017-12-05,D,,,,N,,,17-371,RO18,2017-09-07,G,30,560068,Tad Doyle,Brennon Moore 502-846-6996 x7806,Arjun Schoen IV 1-156-271-8575 x66128,,
564777,T,2405952,2017-09-18 14:30:00 UTC,P,657,Quaerat est sint dolor eum pariatur.,SBODE,,MI,EHANE,2017-09-22,,,,,,,,,,,,,,RO17,2017-09-07,,,2017-75-1,Nikita Johnston,Johnathon Keebler 1-213-481-0073,Rod Kuhic 1-408-629-9568 x4338,,
564842,V,3041989,2017-10-13 08:30:00 UTC,H,909,,SBODE,11,OH,AABSHIRE,2017-10-16,,,,2017-10-19,2017-11-03,D,N,,,,,,17-338,RO49,2017-09-08,,,559903,Murl Treutel,Rashad Christiansen III 585-143-1851 x470,Wiley Wisoky I (707) 296-4457,,
565031,V,2876729,2017-10-27 08:00:00 UTC,H,915,Perspiciatis minus sit impedit quia magnam.,SBODE,9,TN,BDANIEL,2017-10-27,,,,2017-10-31,2017-11-15,A,,,,,,,17-355,RO35,2017-09-09,N,60,559980,Reece Grady,Liliane O'Connell 301-492-4685,Carter Heidenreich 1-951-271-1586,,
565071,V,3035772,2017-10-30 14:00:00 UTC,H,909,,SBODE,12,GA,JWEHNER,2017-10-31,,,3,2017-11-01,2017-11-16,A,,,,N,,0,17-356,RO55,2017-09-11,,,559987,Nathanial Beier,Mr. Itzel Bergnaum (974) 488-6323 x65831,Enos Adams 1-598-968-5579 x36117,,
565804,V,2640781,2017-11-20 08:30:00 UTC,N,1070,,SBODE,13,MN,CFRANECKI,2017-11-22,,,,,,,,,,,,,,RO19,2017-09-14,,,560107,Sally Senger,Isabel O'Kon III 451.118.9322,Marshall Murray 1-690-072-9229 x855,,
565855,V,3467828,2017-10-30 13:30:00 UTC,H,909,,SBODE,12,TX,JWEHNER,2017-10-31,,,3,2017-11-01,2017-11-16,A,,,,N,,0,17-356,RO55,2017-09-15,,60,559987,Mrs. Yadira O'Connell,Casper Pacocha 326.575.2716,Leila Lebsack 328-054-5628,,
565861,T,1986897,2017-10-19 10:00:00 UTC,P,323,,SBODE,,WA,EBECKER,2017-11-13,2010-04-28,,,,,,,,,,,,,RO22,2017-09-15,,,2018-7-1,Irwin Hegmann DVM,Dr. Itzel Champlin (675) 996-9587 x0713,Talia Langosh 1-565-534-3522 x934,,
566033,V,2381692,2017-10-18 09:00:00 UTC,P,536,Dolores assumenda placeat earum odio deleniti quam et.,SBODE,11,IL,OVANDERVO,2017-10-18,,,,,,,,,,,,,,RO44,2017-09-15,G,,559929,Manuela Douglas,Alyce Aufderhar IV 1-564-180-3673 x416,Giuseppe Volkman 1-660-008-0396 x28937,,
566418,V,2399281,2017-10-25 11:30:00 UTC,P,738,Sunt iure ad tempore ducimus vitae.,SBODE,6,MN,KDICKI,2017-10-24,,,,,,,,,,,,,,RO17,2017-09-19,,,559961,Sydni Hermiston,Aryanna Reichert 672.373.7473,Lenora Sanford 709-979-5911,,
566568,V,2879794,2017-10-13 08:30:00 UTC,H,909,,SBODE,11,MI,AABSHIRE,2017-10-13,2016-10-17,,,2017-10-19,2017-11-03,D,,,,,,,17-338,RO49,2017-09-19,G,30,559903,Dorcas Jones,Felton Gusikowski (798) 620-1012 x412,Merle Bednar 977.333.7220 x98735,,
568729,T,2405952,2017-11-13 12:30:00 UTC,P,653,Qui et iure ratione fuga vero ut.,SBODE,,SD,WEBERT,2017-11-17,,,,,,,,,,,,,,RO17,2017-10-04,,,2018-21-1,Neal Ryan,Kiana Frami 1-681-449-4221 x3177,Paula Daugherty 319.785.7425,,
569451,V,2816809,2017-11-14 08:30:00 UTC,H,909,Cupiditate mollitia molestiae qui nam et.,SBODE,5,CA,AABSHIRE,2017-11-14,,,3,2017-11-20,2017-12-05,D,,,,N,,,17-371,RO18,2017-10-06,,,560068,Vernie Rogahn,Orval Anderson (826) 588-5512,Johnny Gulgowski DDS (203) 623-5194,,
569592,V,2657227,2017-11-14 10:30:00 UTC,H,909,Nesciunt aut debitis inventore.,SBODE,5,IA,AABSHIRE,2017-11-14,,,3,2017-11-20,2017-12-05,D,,,,N,,,17-371,RO18,2017-10-10,G,,560068,Miss Bernardo Raynor,Vita Pfannerstill 499-139-1521 x4526,Antonio Jenkins DDS 391-555-6572,,
569733,V,2752781,2017-11-14 10:30:00 UTC,N,909,Expedita qui voluptatum reiciendis explicabo ratione modi.,SBODE,5,IA,AABSHIRE,2017-11-14,,,,,,,,,,,,,,RO18,2017-10-11,,,560068,Cary Macejkovic,Everette Lindgren 790.148.3783,Simone Nolan 595-460-2661,,
569749,V,2765550,2017-11-14 13:00:00 UTC,H,909,Veniam aut ea error molestiae.,SBODE,5,WA,AABSHIRE,2017-11-14,,,3,2017-11-20,2017-12-05,D,,,,N,,,17-371,RO18,2017-10-11,,,560068,Samir Haag,Dr. Zoey Dach (426) 221-2238,Ambrose Hackett DVM 575.073.5716 x885,,
569753,V,2657116,2017-11-14 10:30:00 UTC,H,909,Sit ab placeat assumenda ipsam eos.,SBODE,5,DE,AABSHIRE,2017-11-14,,,3,2017-11-20,2017-12-05,D,,,,N,,,17-371,RO18,2017-10-11,,,560068,Mr. Jovanny Stehr,Mr. Regan Volkman (264) 452-7657 x811,Mrs. Elwin Zboncak 363-960-9462,,
570017,V,2866470,2017-11-14 08:30:00 UTC,C,909,,SBODE,5,MD,AABSHIRE,2017-11-14,,,,,,,,,,,,,,RO18,2017-10-12,,,560068,Russ Gibson,Garland Muller III 590.234.3243,Rupert Will PhD (267) 647-6444,,
570309,V,2231180,2017-12-11 10:30:00 UTC,,536,,SBODE,,MO,RO49,2017-10-23,,,,,,,,,,,,,,RO49,2017-10-14,,,560204,Zoe Boehm,Raegan Witting (201) 167-8915 x174,Clemens Kiehn (547) 343-0806 x3463,,
570442,V,2129162,2017-12-11 08:30:00 UTC,,955,Consectetur non consequatur voluptate est rerum ab praesentium doloribus.,SBODE,,IN,RO62,2017-12-08,2011-01-31,,,,,,,,,,,,,RO62,2017-10-16,,,560208,Troy Murphy,Lera Nolan 229-705-0301 x603,Cicero Von (661) 204-5316 x6119,,
570455,V,2429085,2017-11-29 09:00:00 UTC,H,909,Voluptatem ut quis beatae molestias.,SBODE,11,MS,AABSHIRE,2017-11-29,,,3,2017-12-05,2017-12-20,A,,,,N,,0,17-382,RO44,2017-10-16,G,,560148,Rickey Cruickshank II,Oswaldo Barrows DVM 1-270-954-2599 x57506,Watson DuBuque 279.994.7853 x23315,,
570493,V,2889676,2017-11-29 09:00:00 UTC,H,909,,SBODE,11,NV,AABSHIRE,2017-11-29,,,3,2017-12-05,2017-12-20,A,,,,N,,0,17-382,RO44,2017-10-16,G,60,560148,Ms. Jennings Langworth,Ms. Olin Wiza 229-719-4750 x1502,Emiliano Schaden 549-747-3538,,
570512,V,2249056,2017-11-29 09:00:00 UTC,H,909,,SBODE,11,CA,AABSHIRE,2017-11-29,,,3,2017-12-05,2017-12-20,A,,,,N,,0,17-382,RO44,2017-10-16,G,90,560148,Mrs. Cara Runte,Nathanael Veum (678) 400-7168 x03244,Mr. Marcelina Collier 993.673.7892,,
570545,V,3124515,2017-11-29 09:00:00 UTC,H,909,,SBODE,11,CT,JWEHNER,2017-11-29,,,3,2017-12-05,2017-12-20,A,,,,N,,0,17-382,RO44,2017-10-16,G,,560148,Ford Boyle,Frankie Harvey (361) 136-9398 x61104,Andy Dickens 639.634.7426,,
570550,V,2868344,2017-11-29 09:00:00 UTC,H,909,,SBODE,11,ND,AABSHIRE,2017-11-29,,,3,2017-12-05,2017-12-20,A,,,,N,,0,17-382,RO44,2017-10-16,G,,560148,Janice Torp,Miguel Huel PhD (448) 679-8057 x333,Ms. Mayra Kuphal 1-471-600-1789 x9890,,
570861,V,2447082,2017-12-13 09:00:00 UTC,,981,,SBODE,,ME,RO45,2017-10-18,,,,,,,,,,,,,,RO45,2017-10-18,,,560223,Freeda Pacocha,Miss Pedro Goyette 615.687.5837,Laron Gusikowski 1-990-638-2127,,
571124,T,2394756,2018-05-14 12:30:00 UTC,,909,Rerum dignissimos porro expedita sit vel eos cumque.,SBODE,,WY,RO19,2017-12-07,,,,,,,,,,,,,,RO19,2017-10-19,,,2018-74-1,Mrs. Lavern Gulgowski,Dr. Tommie Dach 414-235-3119 x03791,Frederik Langworth (453) 867-7956 x114,,
571710,V,3282749,2017-11-14 13:00:00 UTC,H,909,,SBODE,5,NY,AABSHIRE,2017-11-14,,,3,2017-11-20,2017-12-05,D,,,,N,,,17-371,RO18,2017-10-25,G,,560068,Kyle Prohaska DVM,Mr. Jamaal Moore (115) 468-8977,Johann Kreiger 1-222-484-3315,,
575373,V,2889036,2017-12-01 08:30:00 UTC,N,909,,SBODE,11,KS,JWEHNER,2017-12-01,,,,,,,,,,,,,,RO77,2017-10-30,,,560156,Javonte Borer II,Loma Senger 484-801-2900 x2562,Dario O'Reilly (929) 913-2213 x278,,
575676,T,2571277,2018-05-14 12:30:00 UTC,,909,Similique id qui tempora.,SBODE,,CT,RO19,2017-12-07,,,,,,,,,,,,,,RO19,2017-11-01,,,2018-74-1,Russel Windler,Sonia Bins 1-386-822-2120 x239,Heaven Rice III 817.168.7238 x08020,,
576647,T,3283372,2018-05-16 10:30:00 UTC,,909,Repellat in similique quia vitae eveniet delectus sint veniam.,SBODE,,NH,RO19,2017-12-07,,,,,,,,,,,,,,RO19,2017-11-07,,,2018-74-1,Savannah Will,Damian Littel Jr. 1-694-103-5653 x201,Mr. Electa Wintheiser 1-623-169-6074 x74329,,
577042,T,2865144,2018-05-15 12:30:00 UTC,,909,,SBODE,,NJ,RO19,2017-12-07,,,,,,,,,,,,,,RO19,2017-11-09,,,2018-74-1,Kenyon Erdman DVM,Horace Spinka 1-151-981-0150 x006,Alphonso Legros 1-675-170-7326 x009,,
578601,V,2653610,2018-01-10 11:30:00 UTC,,,,,,MT,RO17,2017-11-28,,,,,,,,,,,,,,RO17,2017-11-28,,,560307,Lavada Bradtke,Gunner Corwin I (834) 171-7448 x32007,Lilla Jones 753.047.4803,,
579407,T,2640781,2018-05-15 08:30:00 UTC,,909,,SBODE,,HI,RO19,2017-12-07,,,,,,,,,,,,,,RO19,2017-12-04,,,2018-74-1,Miss Kody Skiles,Daniela Armstrong III 947.902.6331 x1279,Mr. Joannie Considine (399) 185-3811,,
579473,F,2867636,2018-05-15 00:00:00 UTC,,,,19,,AL,RO19,2017-12-05,2014-01-09,,,,,,,,,,,,,RO19,2017-12-05,,,,Tillman Turner V,Sterling Durgan 1-242-686-1264 x815,Kenyatta Considine 1-104-467-9475 x4869,,
579474,T,2867636,2018-05-15 10:30:00 UTC,,909,Molestiae consequatur ut officia at.,SBODE,,NC,RO19,2017-12-07,,,,,,,,,,,,,,RO19,2017-12-05,,,2018-74-1,Mrs. Gerda Runte,Alena Bernhard 766.166.3595,Miss Makayla Kub 1-342-229-0737 x672,,
579476,F,2676920,2018-05-15 00:00:00 UTC,,,,19,,MO,RO19,2017-12-05,2012-11-05,,,,,,,,,,,,,RO19,2017-12-05,,,,Cynthia Flatley IV,Mr. Gene Jenkins 1-241-105-6810,Richmond Parisian 316.089.1303 x3666,,
579478,T,2798946,2018-05-15 12:30:00 UTC,,909,,SBODE,,VT,RO19,2017-12-07,,,,,,,,,,,,,,RO19,2017-12-05,,,2018-74-1,Jarvis Padberg,Meghan Lakin 279-103-1028 x705,Charity Bauch 773.083.7706,,
579489,T,2713160,2018-05-15 10:30:00 UTC,,909,,SBODE,,LA,RO19,2017-12-07,,,,,,,,,,,,,,RO19,2017-12-05,,,2018-74-1,Lorenzo Effertz,Marques Connelly 458.408.1199,Laura Thompson 1-686-514-0862 x969,,
579511,T,3593381,2018-05-15 10:30:00 UTC,,909,Consequuntur sit labore qui et.,SBODE,,AR,RO19,2017-12-07,,,,,,,,,,,,,,RO19,2017-12-05,,,2018-74-1,Lois Stehr,Antone Macejkovic 999.923.3115,Romaine Ortiz (839) 404-2634 x0844,,
579545,F,2766972,2018-05-15 00:00:00 UTC,,,Blanditiis explicabo consequatur laboriosam.,19,,AR,RO19,2017-12-05,2013-06-15,,,,,,,,,,,,,RO19,2017-12-05,,,,Krystel Walker Sr.,Mr. Michael Reynolds 454.383.8507 x4257,Zackery Armstrong IV 1-132-498-7978 x5701,,
579546,T,2766972,2018-05-15 12:30:00 UTC,,909,,SBODE,,VA,RO19,2017-12-07,,,,,,,,,,,,,,RO19,2017-12-05,,,2018-74-1,Carmela Cummerata Jr.,Verda Larson 1-530-525-2582 x09213,Mr. Clare Baumbach 160.516.6444,,
579614,T,2873731,2018-05-15 14:30:00 UTC,,909,,SBODE,,IA,RO19,2017-12-07,,,,,,,,,,,,,,RO19,2017-12-05,,,2018-74-1,Lenore Koch,Isaac Hettinger DVM 176.164.7966,Rebeca Feeney 913-311-5713 x4467,,
579618,T,2676920,2018-05-15 14:30:00 UTC,,909,,SBODE,,SD,RO19,2017-12-07,,,,,,,,,,,,,,RO19,2017-12-05,,,2018-74-1,Adrienne Hoppe,Bernadine Orn (451) 932-6310,Donato Franecki V (759) 063-0858 x245,,
580104,V,3620725,2018-02-06 11:30:00 UTC,,,Modi quae expedita est quaerat minima eum voluptates mollitia.,,,NM,RO17,2017-12-08,2017-10-04,,,,,,,,,,,,,RO17,2017-12-08,,,560441,Ike Runolfsson,Kelsi Cormier 384.850.4552,Chadd Towne II (265) 989-3089 x74318,,
580135,T,2405952,2018-01-23 12:30:00 UTC,,847,Et et ut quisquam molestiae excepturi.,SBODE,,MI,RO17,2017-12-08,,,,,,,,,,,,,,RO17,2017-12-08,,,2018-29-1,Miss Enola Douglas,Cordell Kautzer (716) 539-0903,Zita Toy (407) 100-7146,,
