repkey,repaddtime,reptype,repso,replast,repfirst,repmi,repsuf,repaddr1,repaddr2,repcity,repst,repzip,repphone,repnotes,repmoduser,repmodtime,repdirpay,repdfee,repfeerecv,replastdoc,repfeedisp,repcorkey,repacknw
2076523,2012-04-17,A,,Lesch,Catherine,P,DVM,660 Kiana Pine,Apt. 639,East Dustymouth,SD,49255-0205,394.281.7541 x19606,,SWISOZK,2017-04-27,,,,,,32E017BC,
2270107,2015-10-29,A,,Schiller,Gudrun,E,V,64566 Anastacio Green,Suite 510,Kaiaview,WI,67300-7674,1-508-368-2867,,RO17,2017-06-05,,,,,,CK299814,
2274617,2017-02-22,A,,Ward,Julia,W,DVM,15689 Deckow Rest,Apt. 730,Port Oceaneborough,VT,39322,329.789.8116,Occaecati culpa quidem voluptatibus et perspiciatis ut.,SBEAHAN,2017-02-22,,,,,,CK967879,
2311946,2010-08-23,A,,Durgan,Tessie,E,V,3662 Waters Wall,Apt. 502,Connport,PA,95645,1-580-937-6130 x7548,Aut nemo pariatur aperiam enim nihil officia sed.,RO45,2012-12-29,,,,,,CK102838,
2367429,2010-11-10,G,,Cormier,Deven,A,Sr.,60788 Jarrell Bridge,Suite 989,Joaquinton,TN,33696-3148,659.166.6203,Tempore blanditiis veritatis perspiciatis dolore quae nobis.,ETILLMAN,2016-12-12,,,,,,197071,
2371804,2017-08-28,A,,Hermann,Valentina,F,MD,893 Dudley Plaza,Suite 449,East Earlenehaven,TN,51822,496-569-3506,,KBERGNAUM,2017-08-28,,,,,,CK811066,
2399281,2011-02-23,A,,Howe,Robin,E,Sr.,618 Efren Courts,Apt. 267,Osinskichester,NV,99632-5837,220.627.6117 x515,,RO17,2011-02-23,,,,,,CK1036639,
2401588,2017-09-25,A,,Nicolas,Kasandra,W,V,99481 Nelda Fields,Apt. 592,Reeseport,FL,40659-3833,530-886-9645,Doloribus sequi quidem distinctio.,BHOWE,2017-09-25,,,,,,CK1037973,
2429027,2012-06-25,A,,Bailey,Dorothea,V,DVM,828 Krista Branch,Apt. 527,East Vickieland,VT,54007,615-999-5969 x5532,Quos et quas quam qui est.,RO01,2012-06-25,,,,,,CK956440,
2520489,2016-09-14,A,,Smitham,Rene,A,PhD,108 Kunze Rapids,Apt. 959,North Ebba,WI,53764,242-913-0114 x976,,RO22,2016-09-14,,,,,,CK1100530,
2558720,2015-02-10,A,,Zulauf,Reed,T,DVM,5396 Pacocha Trace,Apt. 496,Frederiqueton,SC,89441-9323,(246) 630-4074 x511,Omnis impedit veniam excepturi atque.,JRAYNOR,2017-09-27,,,,,,CK1119783,
2637663,2012-08-15,A,,Strosin,Cory,E,V,2799 Russell Mission,Apt. 721,Port Claudiahaven,AL,60218,589.735.5779 x91580,Impedit sint numquam reiciendis ut.,JDECKOW1,2017-08-17,,,,,,CK1159413,
2657116,2013-03-07,A,,Spinka,Clemens,Z,DDS,52239 Ratke Summit,Suite 284,New Bernitafurt,KY,32972,100-749-8226 x3450,Qui repellat molestiae quod architecto.,RO18,2013-03-07,,,,,,CK1169079,
2657227,2012-10-25,A,,Keebler,Carey,W,PhD,813 Collins Point,Suite 270,South Anitabury,CA,84357-2111,606-061-7268,Distinctio sit magnam ipsa cumque rerum officia est neque.,RO18,2012-10-25,,,,,,CK632805,
2668454,2015-07-02,A,,Watsica,Rolando,M,II,71426 Liza Pike,Suite 766,Torphyfurt,AK,26406,(783) 296-9178 x899,,RO17,2015-07-02,,,,,,CK323195,
2752781,2013-05-17,A,,Zieme,Emerald,D,MD,578 Eli Courts,Suite 173,Terenceland,MT,28743-2555,911-978-1388 x078,,RO18,2013-05-17,,,,,,CK468447,
2765550,2017-11-09,A,,Heidenreich,Greyson,W,V,1437 Beahan Harbors,Suite 170,Port Vernie,SD,14510,224.785.1166 x026,,RO18,2017-11-09,,,,,,CK1222085,
2864624,2017-10-11,A,,Herzog,Ayla,W,Sr.,337 Benton Port,Apt. 209,North Juana,DE,61897-6223,(390) 702-9827 x3355,,ACONNELLY1,2017-10-11,,,,,,CK1276438,
2865144,2014-05-02,A,,Effertz,Christophe,F,III,7757 Lurline Courts,Apt. 292,Lake Deborahchester,NE,57584,831-522-3163,,AWEHNER1,2015-09-28,,,,,,CK841163,
2866470,2016-09-20,A,,Windler,Fausto,P,Sr.,875 Tony Isle,Apt. 455,Roselynbury,KS,84870,(953) 084-8255 x594,,RO18,2016-09-20,,,,,,CK1277525,
2867550,2017-08-29,G,,Konopelski,Aurelie,N,V,87487 Garland Summit,Apt. 442,North Augustinehaven,NJ,93066,1-488-882-2193,,ACONNELLY1,2017-08-29,,,,,,CK310772,
2871207,2014-09-30,A,,Doyle,Golda,U,I,5030 Hyatt Circles,Suite 908,South Edwin,RI,81660-2793,1-661-123-7264 x75154,,RO17,2014-09-30,,,,,,CK1280117,
2874031,2017-03-27,A,,Reinger,Carol,L,I,57452 Bergstrom Mountain,Suite 485,Leafort,MD,90785,538.615.0459,Iusto voluptas ut aut.,SBEAHAN,2017-03-27,,,,,,CK1281722,
2874889,2017-09-12,A,,Gottlieb,Wilburn,R,Sr.,39982 Dibbert Hills,Apt. 858,Leuschkeville,KY,65314,568.102.2351,Vitae magni temporibus corrupti quae sint.,KBERGNAUM,2017-09-12,,,,,,CK759075,
2892519,2016-01-05,G,,Wunsch,Mara,S,DDS,493 Powlowski Island,Apt. 582,Lake Aiyana,HI,60887,(227) 408-4657 x946,Ex temporibus modi illum inventore praesentium.,RO09,2016-01-05,,,,,,CK1111639,
2895173,2016-10-19,A,,Glover,Freida,Z,III,60597 Wunsch Square,Apt. 329,Hirthemouth,NC,99087,(756) 443-9391 x62989,,RO17,2016-10-19,,,,,,CK1037809,
2895173,2017-10-02,D,,Glover,Freida,Z,III,60597 Wunsch Square,Apt. 329,Hirthemouth,NC,99087,(756) 443-9391 x62989,,WBARROWS,2017-10-02,,,,,,CK1037809,
2901540,2015-05-21,A,,Klein,Garett,H,Sr.,730 Carey Key,Suite 887,East Zella,WY,34713-1129,495.157.4722,,RO19,2015-05-21,,,,,,CK1297327,
2902844,2017-09-11,A,,Prohaska,Alexane,T,MD,3502 Cruickshank Way,Suite 484,Jerdeborough,RI,59957,398-744-2125 x5537,Incidunt provident ipsa expedita blanditiis neque reprehenderit quas sequi.,KBERGNAUM,2017-09-11,,,,,,CK113872,
2919910,2017-09-25,A,,Pfannerstill,Katlyn,S,PhD,135 Ashlee Highway,Suite 713,Port Brook,MO,59896-6556,179-539-9921 x002,Ut molestiae rem consequatur quia nihil est harum vel.,KBERGNAUM,2017-09-25,,,,,,CK1175203,
2926356,2017-04-14,A,,Nicolas,Zula,Y,IV,9529 Tiara Field,Apt. 191,North Delilah,PA,54177,(605) 971-8186 x54868,Suscipit enim fugit nisi fugiat nobis nostrum adipisci at.,HREINGER1,2017-09-19,,,,,,CK1311203,
2939052,2017-10-23,A,,Littel,Kane,M,I,743 Zechariah Junctions,Suite 506,Elvieview,NH,55920-6339,1-931-188-1224 x231,,MLEMKE,2017-10-27,,,,,,CK1318176,
2939052,2017-10-23,A,,Littel,Kane,M,I,743 Zechariah Junctions,Suite 506,Elvieview,NH,55920-6339,1-931-188-1224 x231,,BHOWE,2017-10-23,,,,,,CK1318176,
2939273,2014-06-12,A,,Walter,London,V,MD,21753 Wiley Corner,Suite 315,Lacyview,ME,22549-6697,1-701-986-8166,,ETORP,2017-08-25,,,,,,CK1318302,
2960158,2017-08-31,A,,Altenwerth,Maynard,M,Jr.,5761 Marcelle Pines,Apt. 539,East Cruztown,NJ,23843,130.125.2456,Et excepturi eos aut id ab nihil ipsa enim.,KBERGNAUM,2017-08-31,,,,,,CK1330232,
2972371,2017-10-13,A,,Russel,Malika,B,II,958 Simonis Camp,Suite 985,Langworthfurt,NJ,60977-5423,472-093-7334 x009,,ACONNELLY1,2017-10-13,,,,,,CK775833,
2997131,2015-10-28,A,,Labadie,Milford,W,IV,101 Graham Center,Suite 188,Port Rigoberto,CT,30227,289-306-4742 x5932,,MLEMKE,2017-10-27,,,,,,CK1350021,
3026376,2017-08-29,A,,Wintheiser,Olen,U,PhD,892 Ilene Radial,Apt. 762,Gloverstad,SD,43859-0097,(248) 465-3191 x11527,,ACONNELLY1,2017-08-29,,,,,,67082,
3060449,2017-06-27,A,,Zboncak,Augusta,B,IV,5551 Berge Divide,Suite 286,Cleoraside,NM,98864,758-874-7740 x19304,Et et et aliquam laborum nesciunt.,DPROHASKA,2017-06-27,,,,,,CK1360058,
3063903,2016-02-24,A,,Little,Alexandra,S,PhD,246 Johnston Islands,Suite 211,South Cliftonton,FL,87023,641-626-0469 x0577,,MLEMKE,2017-08-23,,,,,,CK1386144,
3449656,2017-10-13,,,Runte,Trevion,Y,DVM,5446 Grady Garden,Apt. 636,New Otha,OH,90467,1-277-060-6791 x14708,,,,,,,,,,
